state,length,width,height,gvw,sales_tax,y2000_onroad,y2000_excise,y2000_offroad,y2001_onroad,y2001_excise,y2001_offroad,y2002_onroad,y2002_excise,y2002_offroad,y2003_onroad,y2003_excise,y2003_offroad,y2004_onroad,y2004_excise,y2004_offroad,y2005_onroad,y2005_excise,y2005_offroad,y2006_onroad,y2006_excise,y2006_offroad,y2007_onroad,y2007_excise,y2007_offroad,y2008_onroad,y2008_excise,y2008_offroad,y2009_onroad,y2009_excise,y2009_offroad,y2010_onroad,y2010_excise,y2010_offroad,y2011_onroad,y2011_excise,y2011_offroad,y2012_onroad,y2012_excise,y2012_offroad,y2013_onroad,y2013_excise,y2013_offroad,y2014_onroad,y2014_excise,y2014_offroad,y2015_onroad,y2015_excise,y2015_offroad,y2016_onroad,y2016_excise,y2016_offroad,y2017_onroad,y2017_excise,y2017_offroad,y2018_onroad,y2018_excise,y2018_offroad,y2019_onroad,y2019_excise,y2019_offroad,y2020_onroad,y2020_excise,y2020_offroad,y2021_onroad,y2021_excise,y2021_offroad,y2022_onroad,y2022_excise,y2022_offroad,y2023_onroad,y2023_excise,y2023_offroad,y2024_onroad,y2024_excise,y2024_offroad,y2025_onroad,y2025_excise,y2025_offroad,y2026_onroad,y2026_excise,y2026_offroad,y2027_onroad,y2027_excise,y2027_offroad,y2028_onroad,y2028_excise,y2028_offroad,y2029_onroad,y2029_excise,y2029_offroad,y2030_onroad,y2030_excise,y2030_offroad
Alabama,85,8.5,14,100000,4.00,1.44,0.43,1.01,1.35,0.43,0.91,1.28,0.43,0.84,1.45,0.43,1.02,1.74,0.42,1.32,2.35,0.43,1.92,2.66,0.43,2.22,2.82,0.45,2.37,3.47,0.45,3.02,3.47,0.45,3.02,3.47,0.45,3.02,3.47,0.45,3.02,3.47,0.45,3.02,3.47,0.45,3.02,3.47,0.45,3.02,3.47,0.45,3.02,3.47,0.45,3.02,3.47,0.45,3.02,3.47,0.45,3.02,3.47,0.45,3.02,3.47,0.45,3.02,3.47,0.45,3.02,3.47,0.45,3.02,3.47,0.45,3.02,3.47,0.45,3.02,3.47,0.45,3.02,3.47,0.45,3.02,3.47,0.45,3.02,3.47,0.45,3.02,3.47,0.45,3.02,3.47,0.45,3.02
Alaska,,,,,0.00,1.61,0.32,1.28,1.50,0.32,1.17,1.40,0.32,1.08,1.61,0.32,1.29,2.02,0.32,1.70,2.57,0.32,2.24,2.87,0.32,2.55,3.04,0.32,2.72,3.58,0.32,3.26,3.58,0.32,3.26,3.58,0.32,3.26,3.58,0.32,3.26,3.58,0.32,3.26,3.58,0.32,3.26,3.58,0.32,3.26,3.58,0.32,3.26,3.58,0.32,3.26,3.58,0.32,3.26,3.58,0.32,3.26,3.58,0.32,3.26,3.58,0.32,3.26,3.58,0.32,3.26,3.58,0.32,3.26,3.58,0.32,3.26,3.58,0.32,3.26,3.58,0.32,3.26,3.58,0.32,3.26,3.58,0.32,3.26,3.58,0.32,3.26,3.58,0.32,3.26,3.58,0.32,3.26
Arizona,,,,80000,5.60,1.61,0.50,1.10,1.50,0.50,0.99,1.40,0.50,0.90,1.61,0.50,1.11,2.02,0.50,1.52,2.57,0.50,2.06,2.87,0.42,2.45,3.04,0.42,2.62,3.58,0.42,3.16,3.58,0.42,3.16,3.58,0.42,3.16,3.58,0.42,3.16,3.58,0.42,3.16,3.58,0.42,3.16,3.58,0.42,3.16,3.58,0.42,3.16,3.58,0.42,3.16,3.58,0.42,3.16,3.58,0.42,3.16,3.58,0.42,3.16,3.58,0.42,3.16,3.58,0.42,3.16,3.58,0.42,3.16,3.58,0.42,3.16,3.58,0.42,3.16,3.58,0.42,3.16,3.58,0.42,3.16,3.58,0.42,3.16,3.58,0.42,3.16,3.58,0.42,3.16,3.58,0.42,3.16
Arkansas,60,8.5,13.5,105500,6.00,1.44,0.47,0.97,1.35,0.47,0.87,1.28,0.47,0.81,1.45,0.47,0.98,1.74,0.47,1.27,2.35,0.47,1.88,2.66,0.47,2.19,2.82,0.47,2.35,3.47,0.47,3.00,3.47,0.47,3.00,3.47,0.47,3.00,3.47,0.47,3.00,3.47,0.47,3.00,3.47,0.47,3.00,3.47,0.47,3.00,3.47,0.47,3.00,3.47,0.47,3.00,3.47,0.47,3.00,3.47,0.47,3.00,3.47,0.47,3.00,3.47,0.47,3.00,3.47,0.47,3.00,3.47,0.47,3.00,3.47,0.47,3.00,3.47,0.47,3.00,3.47,0.47,3.00,3.47,0.47,3.00,3.47,0.47,3.00,3.47,0.47,3.00,3.47,0.47,3.00,3.47,0.47,3.00
California,75,8.5,14,80000,7.25,1.68,0.42,1.25,1.55,0.42,1.12,1.45,0.42,1.02,1.65,0.42,1.23,2.09,0.42,1.67,2.60,0.42,2.18,2.93,0.42,2.51,3.09,0.42,2.67,3.63,0.42,3.21,3.63,0.42,3.21,3.63,0.42,3.21,3.63,0.42,3.21,3.63,0.42,3.21,3.63,0.42,3.21,3.63,0.42,3.21,3.63,0.42,3.21,3.63,0.42,3.21,3.63,0.42,3.21,3.63,0.42,3.21,3.63,0.42,3.21,3.63,0.42,3.21,3.63,0.42,3.21,3.63,0.42,3.21,3.63,0.42,3.21,3.63,0.42,3.21,3.63,0.42,3.21,3.63,0.42,3.21,3.63,0.42,3.21,3.63,0.42,3.21,3.63,0.42,3.21,3.63,0.42,3.21
Colorado,110,8.5,16,85000,2.90,1.53,0.45,1.08,1.45,0.45,1.00,1.34,0.45,0.89,1.53,0.45,1.08,1.86,0.45,1.41,2.44,0.45,2.00,2.76,0.45,2.31,2.98,0.45,2.53,3.46,0.45,3.01,3.46,0.45,3.01,3.46,0.45,3.01,3.46,0.45,3.01,3.46,0.45,3.01,3.46,0.45,3.01,3.46,0.45,3.01,3.46,0.45,3.01,3.46,0.45,3.01,3.46,0.45,3.01,3.46,0.45,3.01,3.46,0.45,3.01,3.46,0.45,3.01,3.46,0.45,3.01,3.46,0.45,3.01,3.46,0.45,3.01,3.46,0.45,3.01,3.46,0.45,3.01,3.46,0.45,3.01,3.46,0.45,3.01,3.46,0.45,3.01,3.46,0.45,3.01,3.46,0.45,3.01
Connecticut,,,,,6.00,1.62,0.42,1.19,1.49,0.42,1.07,1.40,0.50,0.90,1.64,0.50,1.14,1.92,0.50,1.42,2.51,0.50,2.01,2.82,0.50,2.31,2.98,0.61,2.37,3.74,0.61,3.12,3.74,0.61,3.12,3.74,0.61,3.12,3.74,0.61,3.12,3.74,0.61,3.12,3.74,0.61,3.12,3.74,0.61,3.12,3.74,0.61,3.12,3.74,0.61,3.12,3.74,0.61,3.12,3.74,0.61,3.12,3.74,0.61,3.12,3.74,0.61,3.12,3.74,0.61,3.12,3.74,0.61,3.12,3.74,0.61,3.12,3.74,0.61,3.12,3.74,0.61,3.12,3.74,0.61,3.12,3.74,0.61,3.12,3.74,0.61,3.12,3.74,0.61,3.12,3.74,0.61,3.12
Delaware,,,,80000,0.00,1.61,0.46,1.14,1.48,0.46,1.01,1.40,0.46,0.94,1.63,0.46,1.17,1.90,0.46,1.44,2.50,0.46,2.03,2.81,0.46,2.35,2.97,0.46,2.50,3.68,0.46,3.22,3.68,0.46,3.22,3.68,0.46,3.22,3.68,0.46,3.22,3.68,0.46,3.22,3.68,0.46,3.22,3.68,0.46,3.22,3.68,0.46,3.22,3.68,0.46,3.22,3.68,0.46,3.22,3.68,0.46,3.22,3.68,0.46,3.22,3.68,0.46,3.22,3.68,0.46,3.22,3.68,0.46,3.22,3.68,0.46,3.22,3.68,0.46,3.22,3.68,0.46,3.22,3.68,0.46,3.22,3.68,0.46,3.22,3.68,0.46,3.22,3.68,0.46,3.22,3.68,0.46,3.22
Dist. Of Columbia,,,,80000,5.75,1.61,0.44,1.16,1.48,0.44,1.03,1.40,0.44,0.96,1.63,0.44,1.19,1.90,0.44,1.46,2.50,0.44,2.05,2.81,0.47,2.34,2.97,0.47,2.50,3.68,0.47,3.22,3.68,0.47,3.22,3.68,0.47,3.22,3.68,0.47,3.22,3.68,0.47,3.22,3.68,0.47,3.22,3.68,0.47,3.22,3.68,0.47,3.22,3.68,0.47,3.22,3.68,0.47,3.22,3.68,0.47,3.22,3.68,0.47,3.22,3.68,0.47,3.22,3.68,0.47,3.22,3.68,0.47,3.22,3.68,0.47,3.22,3.68,0.47,3.22,3.68,0.47,3.22,3.68,0.47,3.22,3.68,0.47,3.22,3.68,0.47,3.22,3.68,0.47,3.22,3.68,0.47,3.22
Florida,,,,80000,6.00,1.45,0.50,0.95,1.35,0.50,0.84,1.28,0.51,0.77,1.47,0.35,1.13,1.75,0.39,1.37,2.36,0.39,1.97,2.67,0.39,2.28,2.83,0.40,2.43,3.51,0.40,3.11,3.51,0.40,3.11,3.51,0.40,3.11,3.51,0.40,3.11,3.51,0.40,3.11,3.51,0.40,3.11,3.51,0.40,3.11,3.51,0.40,3.11,3.51,0.40,3.11,3.51,0.40,3.11,3.51,0.40,3.11,3.51,0.40,3.11,3.51,0.40,3.11,3.51,0.40,3.11,3.51,0.40,3.11,3.51,0.40,3.11,3.51,0.40,3.11,3.51,0.40,3.11,3.51,0.40,3.11,3.51,0.40,3.11,3.51,0.40,3.11,3.51,0.40,3.11,3.51,0.40,3.11
Georgia,100,8.5,14.5,80000,4.00,1.45,0.32,1.13,1.35,0.32,1.03,1.28,0.32,0.96,1.47,0.32,1.16,1.75,0.32,1.44,2.36,0.32,2.04,2.67,0.32,2.35,2.83,0.32,2.51,3.51,0.32,3.19,3.51,0.32,3.19,3.51,0.32,3.19,3.51,0.32,3.19,3.51,0.32,3.19,3.51,0.32,3.19,3.51,0.32,3.19,3.51,0.32,3.19,3.51,0.32,3.19,3.51,0.32,3.19,3.51,0.32,3.19,3.51,0.32,3.19,3.51,0.32,3.19,3.51,0.32,3.19,3.51,0.32,3.19,3.51,0.32,3.19,3.51,0.32,3.19,3.51,0.32,3.19,3.51,0.32,3.19,3.51,0.32,3.19,3.51,0.32,3.19,3.51,0.32,3.19,3.51,0.32,3.19
Hawaii,,,,,4.00,1.61,0.40,1.20,1.50,0.40,1.09,1.40,0.40,1.00,1.61,0.40,1.21,2.02,0.40,1.62,2.57,0.40,2.16,2.87,0.40,2.47,3.04,0.40,2.64,3.58,0.40,3.18,3.58,0.40,3.18,3.58,0.40,3.18,3.58,0.40,3.18,3.58,0.40,3.18,3.58,0.40,3.18,3.58,0.40,3.18,3.58,0.40,3.18,3.58,0.40,3.18,3.58,0.40,3.18,3.58,0.40,3.18,3.58,0.40,3.18,3.58,0.40,3.18,3.58,0.40,3.18,3.58,0.40,3.18,3.58,0.40,3.18,3.58,0.40,3.18,3.58,0.40,3.18,3.58,0.40,3.18,3.58,0.40,3.18,3.58,0.40,3.18,3.58,0.40,3.18,3.58,0.40,3.18
Idaho,115,8.5,14,105500,6.00,1.53,0.49,1.03,1.45,0.49,0.96,1.34,0.49,0.85,1.53,0.49,1.04,1.86,0.49,1.37,2.44,0.49,1.95,2.76,0.49,2.26,2.98,0.49,2.49,3.46,0.49,2.96,3.46,0.49,2.96,3.46,0.49,2.96,3.46,0.49,2.96,3.46,0.49,2.96,3.46,0.49,2.96,3.46,0.49,2.96,3.46,0.49,2.96,3.46,0.49,2.96,3.46,0.49,2.96,3.46,0.49,2.96,3.46,0.49,2.96,3.46,0.49,2.96,3.46,0.49,2.96,3.46,0.49,2.96,3.46,0.49,2.96,3.46,0.49,2.96,3.46,0.49,2.96,3.46,0.49,2.96,3.46,0.49,2.96,3.46,0.49,2.96,3.46,0.49,2.96,3.46,0.49,2.96
Illinois,60,8.5,13.5,80000,6.25,1.47,0.46,1.01,1.41,0.46,0.95,1.30,0.46,0.84,1.49,0.46,1.03,1.77,0.46,1.31,2.36,0.46,1.90,2.67,0.46,2.21,2.86,0.46,2.40,3.48,0.46,3.02,3.48,0.46,3.02,3.48,0.46,3.02,3.48,0.46,3.02,3.48,0.46,3.02,3.48,0.46,3.02,3.48,0.46,3.02,3.48,0.46,3.02,3.48,0.46,3.02,3.48,0.46,3.02,3.48,0.46,3.02,3.48,0.46,3.02,3.48,0.46,3.02,3.48,0.46,3.02,3.48,0.46,3.02,3.48,0.46,3.02,3.48,0.46,3.02,3.48,0.46,3.02,3.48,0.46,3.02,3.48,0.46,3.02,3.48,0.46,3.02,3.48,0.46,3.02,3.48,0.46,3.02
Indiana,,,,80000,6.00,1.47,0.40,1.07,1.41,0.40,1.00,1.30,0.40,0.90,1.49,0.40,1.08,1.77,0.40,1.36,2.36,0.40,1.95,2.67,0.40,2.26,2.86,0.40,2.46,3.48,0.40,3.08,3.48,0.40,3.08,3.48,0.40,3.08,3.48,0.40,3.08,3.48,0.40,3.08,3.48,0.40,3.08,3.48,0.40,3.08,3.48,0.40,3.08,3.48,0.40,3.08,3.48,0.40,3.08,3.48,0.40,3.08,3.48,0.40,3.08,3.48,0.40,3.08,3.48,0.40,3.08,3.48,0.40,3.08,3.48,0.40,3.08,3.48,0.40,3.08,3.48,0.40,3.08,3.48,0.40,3.08,3.48,0.40,3.08,3.48,0.40,3.08,3.48,0.40,3.08,3.48,0.40,3.08
Iowa,,,,80000,5.00,1.47,0.47,1.00,1.41,0.47,0.94,1.30,0.47,0.83,1.49,0.47,1.02,1.77,0.47,1.30,2.36,0.47,1.89,2.67,0.47,2.20,2.86,0.47,2.39,3.48,0.47,3.01,3.48,0.47,3.01,3.48,0.47,3.01,3.48,0.47,3.01,3.48,0.47,3.01,3.48,0.47,3.01,3.48,0.47,3.01,3.48,0.47,3.01,3.48,0.47,3.01,3.48,0.47,3.01,3.48,0.47,3.01,3.48,0.47,3.01,3.48,0.47,3.01,3.48,0.47,3.01,3.48,0.47,3.01,3.48,0.47,3.01,3.48,0.47,3.01,3.48,0.47,3.01,3.48,0.47,3.01,3.48,0.47,3.01,3.48,0.47,3.01,3.48,0.47,3.01,3.48,0.47,3.01
Kansas,85,8.5,15,85500,5.30,1.47,0.46,1.01,1.41,0.47,0.93,1.30,0.49,0.81,1.49,0.50,0.98,1.77,0.50,1.26,2.36,0.50,1.85,2.67,0.50,2.16,2.86,0.50,2.36,3.48,0.50,2.98,3.48,0.50,2.98,3.48,0.50,2.98,3.48,0.50,2.98,3.48,0.50,2.98,3.48,0.50,2.98,3.48,0.50,2.98,3.48,0.50,2.98,3.48,0.50,2.98,3.48,0.50,2.98,3.48,0.50,2.98,3.48,0.50,2.98,3.48,0.50,2.98,3.48,0.50,2.98,3.48,0.50,2.98,3.48,0.50,2.98,3.48,0.50,2.98,3.48,0.50,2.98,3.48,0.50,2.98,3.48,0.50,2.98,3.48,0.50,2.98,3.48,0.50,2.98,3.48,0.50,2.98
Kentucky,,,,80000,6.00,1.47,0.38,1.09,1.41,0.38,1.03,1.30,0.38,0.92,1.49,0.38,1.11,1.77,0.39,1.38,2.36,0.40,1.96,2.67,0.41,2.26,2.86,0.42,2.44,3.48,0.42,3.06,3.48,0.42,3.06,3.48,0.42,3.06,3.48,0.42,3.06,3.48,0.42,3.06,3.48,0.42,3.06,3.48,0.42,3.06,3.48,0.42,3.06,3.48,0.42,3.06,3.48,0.42,3.06,3.48,0.42,3.06,3.48,0.42,3.06,3.48,0.42,3.06,3.48,0.42,3.06,3.48,0.42,3.06,3.48,0.42,3.06,3.48,0.42,3.06,3.48,0.42,3.06,3.48,0.42,3.06,3.48,0.42,3.06,3.48,0.42,3.06,3.48,0.42,3.06,3.48,0.42,3.06
Louisiana,,,,88000,4.00,1.44,0.44,1.00,1.35,0.44,0.90,1.28,0.44,0.83,1.45,0.44,1.01,1.74,0.44,1.30,2.35,0.44,1.91,2.66,0.44,2.21,2.82,0.44,2.38,3.47,0.44,3.03,3.47,0.44,3.03,3.47,0.44,3.03,3.47,0.44,3.03,3.47,0.44,3.03,3.47,0.44,3.03,3.47,0.44,3.03,3.47,0.44,3.03,3.47,0.44,3.03,3.47,0.44,3.03,3.47,0.44,3.03,3.47,0.44,3.03,3.47,0.44,3.03,3.47,0.44,3.03,3.47,0.44,3.03,3.47,0.44,3.03,3.47,0.44,3.03,3.47,0.44,3.03,3.47,0.44,3.03,3.47,0.44,3.03,3.47,0.44,3.03,3.47,0.44,3.03,3.47,0.44,3.03
Maine,,,,100000,5.00,1.62,0.47,1.14,1.49,0.47,1.02,1.40,0.47,0.93,1.64,0.45,1.19,1.92,0.50,1.42,2.51,0.51,2.00,2.82,0.51,2.30,2.98,0.52,2.46,3.74,0.52,3.22,3.74,0.52,3.22,3.74,0.52,3.22,3.74,0.52,3.22,3.74,0.52,3.22,3.74,0.52,3.22,3.74,0.52,3.22,3.74,0.52,3.22,3.74,0.52,3.22,3.74,0.52,3.22,3.74,0.52,3.22,3.74,0.52,3.22,3.74,0.52,3.22,3.74,0.52,3.22,3.74,0.52,3.22,3.74,0.52,3.22,3.74,0.52,3.22,3.74,0.52,3.22,3.74,0.52,3.22,3.74,0.52,3.22,3.74,0.52,3.22,3.74,0.52,3.22,3.74,0.52,3.22
Maryland,,,,80000,6.00,1.61,0.49,1.12,1.48,0.49,0.99,1.40,0.49,0.91,1.63,0.48,1.15,1.90,0.48,1.42,2.50,0.49,2.01,2.81,0.49,2.33,2.97,0.49,2.48,3.68,0.49,3.20,3.68,0.49,3.20,3.68,0.49,3.20,3.68,0.49,3.20,3.68,0.49,3.20,3.68,0.49,3.20,3.68,0.49,3.20,3.68,0.49,3.20,3.68,0.49,3.20,3.68,0.49,3.20,3.68,0.49,3.20,3.68,0.49,3.20,3.68,0.49,3.20,3.68,0.49,3.20,3.68,0.49,3.20,3.68,0.49,3.20,3.68,0.49,3.20,3.68,0.49,3.20,3.68,0.49,3.20,3.68,0.49,3.20,3.68,0.49,3.20,3.68,0.49,3.20,3.68,0.49,3.20
Massachusetts,,,,,5.00,1.62,0.45,1.16,1.49,0.45,1.04,1.40,0.45,0.95,1.64,0.45,1.19,1.92,0.45,1.47,2.51,0.45,2.06,2.82,0.45,2.36,2.98,0.45,2.53,3.74,0.45,3.28,3.74,0.45,3.28,3.74,0.45,3.28,3.74,0.45,3.28,3.74,0.45,3.28,3.74,0.45,3.28,3.74,0.45,3.28,3.74,0.45,3.28,3.74,0.45,3.28,3.74,0.45,3.28,3.74,0.45,3.28,3.74,0.45,3.28,3.74,0.45,3.28,3.74,0.45,3.28,3.74,0.45,3.28,3.74,0.45,3.28,3.74,0.45,3.28,3.74,0.45,3.28,3.74,0.45,3.28,3.74,0.45,3.28,3.74,0.45,3.28,3.74,0.45,3.28,3.74,0.45,3.28
Michigan,,,,160001,6.00,1.47,0.39,1.08,1.41,0.39,1.01,1.30,0.39,0.91,1.49,0.39,1.09,1.77,0.39,1.37,2.36,0.39,1.96,2.67,0.39,2.27,2.86,0.39,2.47,3.48,0.39,3.09,3.48,0.39,3.09,3.48,0.39,3.09,3.48,0.39,3.09,3.48,0.39,3.09,3.48,0.39,3.09,3.48,0.39,3.09,3.48,0.39,3.09,3.48,0.39,3.09,3.48,0.39,3.09,3.48,0.39,3.09,3.48,0.39,3.09,3.48,0.39,3.09,3.48,0.39,3.09,3.48,0.39,3.09,3.48,0.39,3.09,3.48,0.39,3.09,3.48,0.39,3.09,3.48,0.39,3.09,3.48,0.39,3.09,3.48,0.39,3.09,3.48,0.39,3.09,3.48,0.39,3.09
Minnesota,75,8.5,13.5,80000,6.50,1.47,0.44,1.03,1.41,0.44,0.96,1.30,0.44,0.86,1.49,0.44,1.04,1.77,0.44,1.32,2.36,0.44,1.91,2.67,0.44,2.22,2.86,0.44,2.42,3.48,0.44,3.04,3.48,0.44,3.04,3.48,0.44,3.04,3.48,0.44,3.04,3.48,0.44,3.04,3.48,0.44,3.04,3.48,0.44,3.04,3.48,0.44,3.04,3.48,0.44,3.04,3.48,0.44,3.04,3.48,0.44,3.04,3.48,0.44,3.04,3.48,0.44,3.04,3.48,0.44,3.04,3.48,0.44,3.04,3.48,0.44,3.04,3.48,0.44,3.04,3.48,0.44,3.04,3.48,0.44,3.04,3.48,0.44,3.04,3.48,0.44,3.04,3.48,0.44,3.04,3.48,0.44,3.04
Mississippi,,,,80000,7.00,1.44,0.43,1.01,1.35,0.43,0.92,1.28,0.43,0.85,1.45,0.43,1.02,1.74,0.43,1.32,2.35,0.43,1.92,2.66,0.42,2.23,2.82,0.42,2.40,3.47,0.42,3.05,3.47,0.42,3.05,3.47,0.42,3.05,3.47,0.42,3.05,3.47,0.42,3.05,3.47,0.42,3.05,3.47,0.42,3.05,3.47,0.42,3.05,3.47,0.42,3.05,3.47,0.42,3.05,3.47,0.42,3.05,3.47,0.42,3.05,3.47,0.42,3.05,3.47,0.42,3.05,3.47,0.42,3.05,3.47,0.42,3.05,3.47,0.42,3.05,3.47,0.42,3.05,3.47,0.42,3.05,3.47,0.42,3.05,3.47,0.42,3.05,3.47,0.42,3.05,3.47,0.42,3.05
Missouri,,,,80000,4.23,1.47,0.41,1.06,1.41,0.41,0.99,1.30,0.41,0.89,1.49,0.41,1.07,1.77,0.41,1.35,2.36,0.41,1.94,2.67,0.41,2.25,2.86,0.41,2.45,3.48,0.41,3.07,3.48,0.41,3.07,3.48,0.41,3.07,3.48,0.41,3.07,3.48,0.41,3.07,3.48,0.41,3.07,3.48,0.41,3.07,3.48,0.41,3.07,3.48,0.41,3.07,3.48,0.41,3.07,3.48,0.41,3.07,3.48,0.41,3.07,3.48,0.41,3.07,3.48,0.41,3.07,3.48,0.41,3.07,3.48,0.41,3.07,3.48,0.41,3.07,3.48,0.41,3.07,3.48,0.41,3.07,3.48,0.41,3.07,3.48,0.41,3.07,3.48,0.41,3.07,3.48,0.41,3.07
Montana,,,,132000,0.00,1.53,0.52,1.01,1.45,0.52,0.93,1.34,0.52,0.82,1.53,0.52,1.01,1.86,0.52,1.34,2.44,0.52,1.92,2.76,0.52,2.23,2.98,0.52,2.46,3.46,0.52,2.94,3.46,0.52,2.94,3.46,0.52,2.94,3.46,0.52,2.94,3.46,0.52,2.94,3.46,0.52,2.94,3.46,0.52,2.94,3.46,0.52,2.94,3.46,0.52,2.94,3.46,0.52,2.94,3.46,0.52,2.94,3.46,0.52,2.94,3.46,0.52,2.94,3.46,0.52,2.94,3.46,0.52,2.94,3.46,0.52,2.94,3.46,0.52,2.94,3.46,0.52,2.94,3.46,0.52,2.94,3.46,0.52,2.94,3.46,0.52,2.94,3.46,0.52,2.94,3.46,0.52,2.94
Nebraska,,,,94000,5.50,1.47,0.48,0.99,1.41,0.49,0.92,1.30,0.49,0.81,1.49,0.49,1.00,1.77,0.49,1.28,2.36,0.50,1.86,2.67,0.51,2.16,2.86,0.51,2.35,3.48,0.51,2.97,3.48,0.51,2.97,3.48,0.51,2.97,3.48,0.51,2.97,3.48,0.51,2.97,3.48,0.51,2.97,3.48,0.51,2.97,3.48,0.51,2.97,3.48,0.51,2.97,3.48,0.51,2.97,3.48,0.51,2.97,3.48,0.51,2.97,3.48,0.51,2.97,3.48,0.51,2.97,3.48,0.51,2.97,3.48,0.51,2.97,3.48,0.51,2.97,3.48,0.51,2.97,3.48,0.51,2.97,3.48,0.51,2.97,3.48,0.51,2.97,3.48,0.51,2.97,3.48,0.51,2.97
Nevada,,,,129000,6.50,1.61,0.52,1.08,1.50,0.52,0.97,1.40,0.52,0.88,1.61,0.52,1.09,2.02,0.51,1.51,2.57,0.51,2.05,2.87,0.51,2.36,3.04,0.51,2.53,3.58,0.51,3.07,3.58,0.51,3.07,3.58,0.51,3.07,3.58,0.51,3.07,3.58,0.51,3.07,3.58,0.51,3.07,3.58,0.51,3.07,3.58,0.51,3.07,3.58,0.51,3.07,3.58,0.51,3.07,3.58,0.51,3.07,3.58,0.51,3.07,3.58,0.51,3.07,3.58,0.51,3.07,3.58,0.51,3.07,3.58,0.51,3.07,3.58,0.51,3.07,3.58,0.51,3.07,3.58,0.51,3.07,3.58,0.51,3.07,3.58,0.51,3.07,3.58,0.51,3.07,3.58,0.51,3.07
New Hampshire,,,,80000,0.00,1.62,0.44,1.18,1.49,0.44,1.05,1.40,0.44,0.96,1.64,0.42,1.22,1.92,0.42,1.50,2.51,0.42,2.09,2.82,0.42,2.39,2.98,0.42,2.56,3.74,0.42,3.31,3.74,0.42,3.31,3.74,0.42,3.31,3.74,0.42,3.31,3.74,0.42,3.31,3.74,0.42,3.31,3.74,0.42,3.31,3.74,0.42,3.31,3.74,0.42,3.31,3.74,0.42,3.31,3.74,0.42,3.31,3.74,0.42,3.31,3.74,0.42,3.31,3.74,0.42,3.31,3.74,0.42,3.31,3.74,0.42,3.31,3.74,0.42,3.31,3.74,0.42,3.31,3.74,0.42,3.31,3.74,0.42,3.31,3.74,0.42,3.31,3.74,0.42,3.31,3.74,0.42,3.31
New Jersey,,,,80000,7.00,1.61,0.38,1.23,1.48,0.38,1.10,1.40,0.38,1.02,1.63,0.38,1.25,1.90,0.38,1.52,2.50,0.38,2.12,2.81,0.38,2.43,2.97,0.38,2.59,3.68,0.38,3.31,3.68,0.38,3.31,3.68,0.38,3.31,3.68,0.38,3.31,3.68,0.38,3.31,3.68,0.38,3.31,3.68,0.38,3.31,3.68,0.38,3.31,3.68,0.38,3.31,3.68,0.38,3.31,3.68,0.38,3.31,3.68,0.38,3.31,3.68,0.38,3.31,3.68,0.38,3.31,3.68,0.38,3.31,3.68,0.38,3.31,3.68,0.38,3.31,3.68,0.38,3.31,3.68,0.38,3.31,3.68,0.38,3.31,3.68,0.38,3.31,3.68,0.38,3.31,3.68,0.38,3.31
New Mexico,,,,86400,5.00,1.44,0.44,1.00,1.35,0.44,0.91,1.28,0.44,0.84,1.45,0.44,1.01,1.74,0.47,1.27,2.35,0.47,1.88,2.66,0.47,2.19,2.82,0.47,2.35,3.47,0.47,3.00,3.47,0.47,3.00,3.47,0.47,3.00,3.47,0.47,3.00,3.47,0.47,3.00,3.47,0.47,3.00,3.47,0.47,3.00,3.47,0.47,3.00,3.47,0.47,3.00,3.47,0.47,3.00,3.47,0.47,3.00,3.47,0.47,3.00,3.47,0.47,3.00,3.47,0.47,3.00,3.47,0.47,3.00,3.47,0.47,3.00,3.47,0.47,3.00,3.47,0.47,3.00,3.47,0.47,3.00,3.47,0.47,3.00,3.47,0.47,3.00,3.47,0.47,3.00,3.47,0.47,3.00
New York,,,,,4.00,1.61,0.45,1.16,1.48,0.45,1.03,1.40,0.45,0.95,1.63,0.45,1.18,1.90,0.45,1.45,2.50,0.46,2.04,2.81,0.47,2.35,2.97,0.47,2.49,3.68,0.47,3.21,3.68,0.47,3.21,3.68,0.47,3.21,3.68,0.47,3.21,3.68,0.47,3.21,3.68,0.47,3.21,3.68,0.47,3.21,3.68,0.47,3.21,3.68,0.47,3.21,3.68,0.47,3.21,3.68,0.47,3.21,3.68,0.47,3.21,3.68,0.47,3.21,3.68,0.47,3.21,3.68,0.47,3.21,3.68,0.47,3.21,3.68,0.47,3.21,3.68,0.47,3.21,3.68,0.47,3.21,3.68,0.47,3.21,3.68,0.47,3.21,3.68,0.47,3.21,3.68,0.47,3.21
North Carolina,,,,80000,4.25,1.45,0.49,0.97,1.35,0.49,0.86,1.28,0.47,0.81,1.47,0.49,0.99,1.75,0.49,1.26,2.36,0.52,1.84,2.67,0.55,2.12,2.83,0.54,2.29,3.51,0.54,2.96,3.51,0.54,2.96,3.51,0.54,2.96,3.51,0.54,2.96,3.51,0.54,2.96,3.51,0.54,2.96,3.51,0.54,2.96,3.51,0.54,2.96,3.51,0.54,2.96,3.51,0.54,2.96,3.51,0.54,2.96,3.51,0.54,2.96,3.51,0.54,2.96,3.51,0.54,2.96,3.51,0.54,2.96,3.51,0.54,2.96,3.51,0.54,2.96,3.51,0.54,2.96,3.51,0.54,2.96,3.51,0.54,2.96,3.51,0.54,2.96,3.51,0.54,2.96,3.51,0.54,2.96
North Dakota,,,,105500,5.00,1.47,0.45,1.02,1.41,0.45,0.95,1.30,0.45,0.85,1.49,0.45,1.03,1.77,0.45,1.31,2.36,0.47,1.88,2.67,0.47,2.19,2.86,0.47,2.39,3.48,0.47,3.01,3.48,0.47,3.01,3.48,0.47,3.01,3.48,0.47,3.01,3.48,0.47,3.01,3.48,0.47,3.01,3.48,0.47,3.01,3.48,0.47,3.01,3.48,0.47,3.01,3.48,0.47,3.01,3.48,0.47,3.01,3.48,0.47,3.01,3.48,0.47,3.01,3.48,0.47,3.01,3.48,0.47,3.01,3.48,0.47,3.01,3.48,0.47,3.01,3.48,0.47,3.01,3.48,0.47,3.01,3.48,0.47,3.01,3.48,0.47,3.01,3.48,0.47,3.01,3.48,0.47,3.01
Ohio,,,,80000,5.50,1.47,0.46,1.01,1.41,0.46,0.94,1.30,0.46,0.84,1.49,0.48,1.00,1.77,0.50,1.26,2.36,0.52,1.83,2.67,0.52,2.14,2.86,0.52,2.34,3.48,0.52,2.96,3.48,0.52,2.96,3.48,0.52,2.96,3.48,0.52,2.96,3.48,0.52,2.96,3.48,0.52,2.96,3.48,0.52,2.96,3.48,0.52,2.96,3.48,0.52,2.96,3.48,0.52,2.96,3.48,0.52,2.96,3.48,0.52,2.96,3.48,0.52,2.96,3.48,0.52,2.96,3.48,0.52,2.96,3.48,0.52,2.96,3.48,0.52,2.96,3.48,0.52,2.96,3.48,0.52,2.96,3.48,0.52,2.96,3.48,0.52,2.96,3.48,0.52,2.96,3.48,0.52,2.96
Oklahoma,,,,90000,4.50,1.47,0.38,1.09,1.41,0.38,1.02,1.30,0.37,0.93,1.49,0.37,1.11,1.77,0.37,1.39,2.36,0.37,1.98,2.67,0.37,2.29,2.86,0.37,2.49,3.48,0.37,3.11,3.48,0.37,3.11,3.48,0.37,3.11,3.48,0.37,3.11,3.48,0.37,3.11,3.48,0.37,3.11,3.48,0.37,3.11,3.48,0.37,3.11,3.48,0.37,3.11,3.48,0.37,3.11,3.48,0.37,3.11,3.48,0.37,3.11,3.48,0.37,3.11,3.48,0.37,3.11,3.48,0.37,3.11,3.48,0.37,3.11,3.48,0.37,3.11,3.48,0.37,3.11,3.48,0.37,3.11,3.48,0.37,3.11,3.48,0.37,3.11,3.48,0.37,3.11,3.48,0.37,3.11
Oregon,,,,105500,0.00,1.61,0.48,1.12,1.50,0.48,1.01,1.40,0.48,0.92,1.61,0.48,1.13,2.02,0.48,1.54,2.57,0.48,2.08,2.87,0.48,2.39,3.04,0.48,2.56,3.58,0.48,3.10,3.58,0.48,3.10,3.58,0.48,3.10,3.58,0.48,3.10,3.58,0.48,3.10,3.58,0.48,3.10,3.58,0.48,3.10,3.58,0.48,3.10,3.58,0.48,3.10,3.58,0.48,3.10,3.58,0.48,3.10,3.58,0.48,3.10,3.58,0.48,3.10,3.58,0.48,3.10,3.58,0.48,3.10,3.58,0.48,3.10,3.58,0.48,3.10,3.58,0.48,3.10,3.58,0.48,3.10,3.58,0.48,3.10,3.58,0.48,3.10,3.58,0.48,3.10,3.58,0.48,3.10
Pennsylvania,,,,80000,6.00,1.61,0.55,1.05,1.48,0.55,0.92,1.40,0.56,0.84,1.63,0.55,1.08,1.90,0.56,1.35,2.50,0.61,1.89,2.81,0.63,2.19,2.97,0.63,2.34,3.68,0.63,3.06,3.68,0.63,3.06,3.68,0.63,3.06,3.68,0.63,3.06,3.68,0.63,3.06,3.68,0.63,3.06,3.68,0.63,3.06,3.68,0.63,3.06,3.68,0.63,3.06,3.68,0.63,3.06,3.68,0.63,3.06,3.68,0.63,3.06,3.68,0.63,3.06,3.68,0.63,3.06,3.68,0.63,3.06,3.68,0.63,3.06,3.68,0.63,3.06,3.68,0.63,3.06,3.68,0.63,3.06,3.68,0.63,3.06,3.68,0.63,3.06,3.68,0.63,3.06,3.68,0.63,3.06
Rhode Island,,,,80000,7.00,1.62,0.53,1.08,1.49,0.53,0.96,1.40,0.53,0.87,1.64,0.54,1.10,1.92,0.54,1.38,2.51,0.54,1.97,2.82,0.54,2.27,2.98,0.54,2.44,3.74,0.54,3.19,3.74,0.54,3.19,3.74,0.54,3.19,3.74,0.54,3.19,3.74,0.54,3.19,3.74,0.54,3.19,3.74,0.54,3.19,3.74,0.54,3.19,3.74,0.54,3.19,3.74,0.54,3.19,3.74,0.54,3.19,3.74,0.54,3.19,3.74,0.54,3.19,3.74,0.54,3.19,3.74,0.54,3.19,3.74,0.54,3.19,3.74,0.54,3.19,3.74,0.54,3.19,3.74,0.54,3.19,3.74,0.54,3.19,3.74,0.54,3.19,3.74,0.54,3.19,3.74,0.54,3.19
South Carolina,,,,80000,6.00,1.45,0.40,1.05,1.35,0.40,0.94,1.28,0.40,0.87,1.47,0.40,1.07,1.75,0.40,1.35,2.36,0.40,1.95,2.67,0.40,2.27,2.83,0.40,2.43,3.51,0.40,3.10,3.51,0.40,3.10,3.51,0.40,3.10,3.51,0.40,3.10,3.51,0.40,3.10,3.51,0.40,3.10,3.51,0.40,3.10,3.51,0.40,3.10,3.51,0.40,3.10,3.51,0.40,3.10,3.51,0.40,3.10,3.51,0.40,3.10,3.51,0.40,3.10,3.51,0.40,3.10,3.51,0.40,3.10,3.51,0.40,3.10,3.51,0.40,3.10,3.51,0.40,3.10,3.51,0.40,3.10,3.51,0.40,3.10,3.51,0.40,3.10,3.51,0.40,3.10,3.51,0.40,3.10
South Dakota,,,,,4.00,1.47,0.46,1.01,1.41,0.46,0.94,1.30,0.46,0.84,1.49,0.46,1.02,1.77,0.46,1.30,2.36,0.46,1.89,2.67,0.46,2.20,2.86,0.46,2.40,3.48,0.46,3.02,3.48,0.46,3.02,3.48,0.46,3.02,3.48,0.46,3.02,3.48,0.46,3.02,3.48,0.46,3.02,3.48,0.46,3.02,3.48,0.46,3.02,3.48,0.46,3.02,3.48,0.46,3.02,3.48,0.46,3.02,3.48,0.46,3.02,3.48,0.46,3.02,3.48,0.46,3.02,3.48,0.46,3.02,3.48,0.46,3.02,3.48,0.46,3.02,3.48,0.46,3.02,3.48,0.46,3.02,3.48,0.46,3.02,3.48,0.46,3.02,3.48,0.46,3.02,3.48,0.46,3.02
Tennessee,,,,80000,7.00,1.47,0.41,1.06,1.41,0.41,0.99,1.30,0.41,0.89,1.49,0.41,1.07,1.77,0.41,1.35,2.36,0.41,1.94,2.67,0.41,2.25,2.86,0.41,2.45,3.48,0.41,3.07,3.48,0.41,3.07,3.48,0.41,3.07,3.48,0.41,3.07,3.48,0.41,3.07,3.48,0.41,3.07,3.48,0.41,3.07,3.48,0.41,3.07,3.48,0.41,3.07,3.48,0.41,3.07,3.48,0.41,3.07,3.48,0.41,3.07,3.48,0.41,3.07,3.48,0.41,3.07,3.48,0.41,3.07,3.48,0.41,3.07,3.48,0.41,3.07,3.48,0.41,3.07,3.48,0.41,3.07,3.48,0.41,3.07,3.48,0.41,3.07,3.48,0.41,3.07,3.48,0.41,3.07
Texas,110,8.5,14,80000,6.25,1.44,0.44,1.00,1.35,0.44,0.90,1.28,0.44,0.83,1.45,0.44,1.01,1.74,0.44,1.30,2.35,0.44,1.91,2.66,0.44,2.21,2.82,0.44,2.38,3.47,0.44,3.03,3.47,0.44,3.03,3.47,0.44,3.03,3.47,0.44,3.03,3.47,0.44,3.03,3.47,0.44,3.03,3.47,0.44,3.03,3.47,0.44,3.03,3.47,0.44,3.03,3.47,0.44,3.03,3.47,0.44,3.03,3.47,0.44,3.03,3.47,0.44,3.03,3.47,0.44,3.03,3.47,0.44,3.03,3.47,0.44,3.03,3.47,0.44,3.03,3.47,0.44,3.03,3.47,0.44,3.03,3.47,0.44,3.03,3.47,0.44,3.03,3.47,0.44,3.03,3.47,0.44,3.03
Utah,,,,129000,4.65,1.53,0.49,1.04,1.45,0.49,0.96,1.34,0.49,0.85,1.53,0.48,1.05,1.86,0.48,1.38,2.44,0.49,1.96,2.76,0.49,2.27,2.98,0.49,2.49,3.46,0.49,2.97,3.46,0.49,2.97,3.46,0.49,2.97,3.46,0.49,2.97,3.46,0.49,2.97,3.46,0.49,2.97,3.46,0.49,2.97,3.46,0.49,2.97,3.46,0.49,2.97,3.46,0.49,2.97,3.46,0.49,2.97,3.46,0.49,2.97,3.46,0.49,2.97,3.46,0.49,2.97,3.46,0.49,2.97,3.46,0.49,2.97,3.46,0.49,2.97,3.46,0.49,2.97,3.46,0.49,2.97,3.46,0.49,2.97,3.46,0.49,2.97,3.46,0.49,2.97,3.46,0.49,2.97
Vermont,,,,80000,6.00,1.62,0.50,1.11,1.49,0.50,0.99,1.40,0.50,0.90,1.64,0.50,1.14,1.92,0.50,1.42,2.51,0.49,2.02,2.82,0.49,2.32,2.98,0.49,2.49,3.74,0.49,3.24,3.74,0.49,3.24,3.74,0.49,3.24,3.74,0.49,3.24,3.74,0.49,3.24,3.74,0.49,3.24,3.74,0.49,3.24,3.74,0.49,3.24,3.74,0.49,3.24,3.74,0.49,3.24,3.74,0.49,3.24,3.74,0.49,3.24,3.74,0.49,3.24,3.74,0.49,3.24,3.74,0.49,3.24,3.74,0.49,3.24,3.74,0.49,3.24,3.74,0.49,3.24,3.74,0.49,3.24,3.74,0.49,3.24,3.74,0.49,3.24,3.74,0.49,3.24,3.74,0.49,3.24
Virginia,,,,80000,5.00,1.45,0.40,1.05,1.35,0.40,0.94,1.28,0.40,0.87,1.47,0.40,1.07,1.75,0.40,1.35,2.36,0.40,1.95,2.67,0.40,2.27,2.83,0.42,2.41,3.51,0.42,3.09,3.51,0.42,3.09,3.51,0.42,3.09,3.51,0.42,3.09,3.51,0.42,3.09,3.51,0.42,3.09,3.51,0.42,3.09,3.51,0.42,3.09,3.51,0.42,3.09,3.51,0.42,3.09,3.51,0.42,3.09,3.51,0.42,3.09,3.51,0.42,3.09,3.51,0.42,3.09,3.51,0.42,3.09,3.51,0.42,3.09,3.51,0.42,3.09,3.51,0.42,3.09,3.51,0.42,3.09,3.51,0.42,3.09,3.51,0.42,3.09,3.51,0.42,3.09,3.51,0.42,3.09
Washington,,,,105500,6.50,1.61,0.47,1.13,1.50,0.47,1.02,1.40,0.47,0.93,1.61,0.52,1.09,2.02,0.52,1.50,2.57,0.55,2.01,2.87,0.58,2.29,3.04,0.58,2.46,3.58,0.58,3.00,3.58,0.58,3.00,3.58,0.58,3.00,3.58,0.58,3.00,3.58,0.58,3.00,3.58,0.58,3.00,3.58,0.58,3.00,3.58,0.58,3.00,3.58,0.58,3.00,3.58,0.58,3.00,3.58,0.58,3.00,3.58,0.58,3.00,3.58,0.58,3.00,3.58,0.58,3.00,3.58,0.58,3.00,3.58,0.58,3.00,3.58,0.58,3.00,3.58,0.58,3.00,3.58,0.58,3.00,3.58,0.58,3.00,3.58,0.58,3.00,3.58,0.58,3.00,3.58,0.58,3.00
West Virginia,,,,80000,6.00,1.45,0.50,0.95,1.35,0.50,0.85,1.28,0.50,0.78,1.47,0.49,0.98,1.75,0.49,1.26,2.36,0.51,1.84,2.67,0.51,2.16,2.83,0.56,2.27,3.51,0.56,2.95,3.51,0.56,2.95,3.51,0.56,2.95,3.51,0.56,2.95,3.51,0.56,2.95,3.51,0.56,2.95,3.51,0.56,2.95,3.51,0.56,2.95,3.51,0.56,2.95,3.51,0.56,2.95,3.51,0.56,2.95,3.51,0.56,2.95,3.51,0.56,2.95,3.51,0.56,2.95,3.51,0.56,2.95,3.51,0.56,2.95,3.51,0.56,2.95,3.51,0.56,2.95,3.51,0.56,2.95,3.51,0.56,2.95,3.51,0.56,2.95,3.51,0.56,2.95,3.51,0.56,2.95
Wisconsin,,,,80000,5.00,1.47,0.51,0.96,1.41,0.52,0.89,1.30,0.52,0.78,1.49,0.52,0.96,1.77,0.53,1.23,2.36,0.54,1.82,2.67,0.54,2.13,2.86,0.54,2.32,3.48,0.54,2.94,3.48,0.54,2.94,3.48,0.54,2.94,3.48,0.54,2.94,3.48,0.54,2.94,3.48,0.54,2.94,3.48,0.54,2.94,3.48,0.54,2.94,3.48,0.54,2.94,3.48,0.54,2.94,3.48,0.54,2.94,3.48,0.54,2.94,3.48,0.54,2.94,3.48,0.54,2.94,3.48,0.54,2.94,3.48,0.54,2.94,3.48,0.54,2.94,3.48,0.54,2.94,3.48,0.54,2.94,3.48,0.54,2.94,3.48,0.54,2.94,3.48,0.54,2.94,3.48,0.54,2.94
Wyoming,,,,117000,4.00,1.53,0.38,1.14,1.45,0.38,1.07,1.34,0.38,0.96,1.53,0.38,1.15,1.86,0.38,1.48,2.44,0.38,2.06,2.76,0.38,2.37,2.98,0.38,2.60,3.46,0.38,3.07,3.46,0.38,3.07,3.46,0.38,3.07,3.46,0.38,3.07,3.46,0.38,3.07,3.46,0.38,3.07,3.46,0.38,3.07,3.46,0.38,3.07,3.46,0.38,3.07,3.46,0.38,3.07,3.46,0.38,3.07,3.46,0.38,3.07,3.46,0.38,3.07,3.46,0.38,3.07,3.46,0.38,3.07,3.46,0.38,3.07,3.46,0.38,3.07,3.46,0.38,3.07,3.46,0.38,3.07,3.46,0.38,3.07,3.46,0.38,3.07,3.46,0.38,3.07,3.46,0.38,3.07
