state_fips,year,on_road,off_road,excise
22   ,2015,3.47,3.03,0.44
22   ,2007,2.82,2.38,0.44
31   ,2021,3.48,2.97,0.51
13   ,2018,3.51,3.19,0.32
15   ,2018,3.58,3.18,0.4
34   ,2021,3.68,3.31,0.38
06   ,2027,3.63,3.21,0.42
46   ,2002,1.3,0.84,0.46
46   ,2007,2.86,2.4,0.46
47   ,2016,3.48,3.07,0.41
39   ,2004,1.77,1.26,0.5
56   ,2000,1.53,1.14,0.38
42   ,2015,3.68,3.06,0.63
05   ,2005,2.35,1.88,0.47
28   ,2001,1.35,0.92,0.43
28   ,2011,3.47,3.05,0.42
47   ,2014,3.48,3.07,0.41
18   ,2008,3.48,3.08,0.4
42   ,2017,3.68,3.06,0.63
16   ,2003,1.53,1.04,0.49
22   ,2017,3.47,3.03,0.44
27   ,2001,1.41,0.96,0.44
37   ,2011,3.51,2.96,0.54
50   ,2027,3.74,3.24,0.49
21   ,2024,3.48,3.06,0.42
01   ,2027,3.47,3.02,0.45
42   ,2012,3.68,3.06,0.63
17   ,2007,2.86,2.4,0.46
38   ,2008,3.48,3.01,0.47
36   ,2023,3.68,3.21,0.47
47   ,2028,3.48,3.07,0.41
06   ,2003,1.65,1.23,0.42
22   ,2012,3.47,3.03,0.44
26   ,2023,3.48,3.09,0.39
17   ,2002,1.3,0.84,0.46
55   ,2024,3.48,2.94,0.54
02   ,2027,3.58,3.26,0.32
32   ,2020,3.58,3.07,0.51
48   ,2002,1.28,0.83,0.44
55   ,2026,3.48,2.94,0.54
56   ,2002,1.34,0.96,0.38
27   ,2002,1.3,0.86,0.44
16   ,2027,3.46,2.96,0.49
34   ,2019,3.68,3.31,0.38
31   ,2019,3.48,2.97,0.51
21   ,2026,3.48,3.06,0.42
55   ,2008,3.48,2.94,0.54
15   ,2007,3.04,2.64,0.4
38   ,2024,3.48,3.01,0.47
35   ,2013,3.47,3,0.47
09   ,2007,2.98,2.37,0.61
21   ,2008,3.48,3.06,0.42
12   ,2016,3.51,3.11,0.4
56   ,2027,3.46,3.07,0.38
,2023,3.68,3.22,0.47
13   ,2021,3.51,3.19,0.32
42   ,2030,3.68,3.06,0.63
13   ,2001,1.35,1.03,0.32
34   ,2018,3.68,3.31,0.38
15   ,2021,3.58,3.18,0.4
29   ,2000,1.47,1.06,0.41
40   ,2000,1.47,1.09,0.38
31   ,2018,3.48,2.97,0.51
46   ,2011,3.48,3.02,0.46
48   ,2022,3.47,3.03,0.44
24   ,2009,3.68,3.2,0.49
22   ,2030,3.47,3.03,0.44
12   ,2014,3.51,3.11,0.4
38   ,2026,3.48,3.01,0.47
45   ,2000,1.45,1.05,0.4
18   ,2026,3.48,3.08,0.4
48   ,2025,3.47,3.03,0.44
12   ,2028,3.51,3.11,0.4
13   ,2019,3.51,3.19,0.32
15   ,2019,3.58,3.18,0.4
24   ,2010,3.68,3.2,0.49
09   ,2013,3.74,3.12,0.61
44   ,2029,3.74,3.19,0.54
24   ,2000,1.61,1.12,0.49
37   ,2001,1.35,0.86,0.49
44   ,2006,2.82,2.27,0.54
17   ,2011,3.48,3.02,0.46
18   ,2024,3.48,3.08,0.4
20   ,2020,3.48,2.98,0.5
32   ,2024,3.58,3.07,0.51
,2012,3.68,3.22,0.47
27   ,2016,3.48,3.04,0.44
27   ,2005,2.36,1.91,0.44
02   ,2002,1.4,1.08,0.32
13   ,2010,3.51,3.19,0.32
30   ,2016,3.46,2.94,0.52
15   ,2010,3.58,3.18,0.4
16   ,2007,2.98,2.49,0.49
33   ,2002,1.4,0.96,0.44
41   ,2000,1.61,1.12,0.48
24   ,2019,3.68,3.2,0.49
56   ,2029,3.46,3.07,0.38
09   ,2005,2.51,2.01,0.5
26   ,2030,3.48,3.09,0.39
16   ,2000,1.53,1.03,0.49
21   ,2020,3.48,3.06,0.42
36   ,2030,3.68,3.21,0.47
04   ,2013,3.58,3.16,0.42
27   ,2014,3.48,3.04,0.44
28   ,2025,3.47,3.05,0.42
39   ,2003,1.49,1,0.48
33   ,2005,2.51,2.09,0.42
29   ,2006,2.67,2.25,0.41
37   ,2025,3.51,2.96,0.54
55   ,2020,3.48,2.94,0.54
23   ,2005,2.51,2,0.51
30   ,2014,3.46,2.94,0.52
32   ,2003,1.61,1.09,0.52
32   ,2026,3.58,3.07,0.51
17   ,2001,1.41,0.95,0.46
35   ,2001,1.35,0.91,0.44
25   ,2001,1.49,1.04,0.45
20   ,2008,3.48,2.98,0.5
28   ,2022,3.47,3.05,0.42
30   ,2028,3.46,2.94,0.52
37   ,2022,3.51,2.96,0.54
,2015,3.68,3.22,0.47
27   ,2028,3.48,3.04,0.44
25   ,2002,1.4,0.95,0.45
26   ,2005,2.36,1.96,0.39
,2017,3.68,3.22,0.47
24   ,2004,1.9,1.42,0.48
24   ,2021,3.68,3.2,0.49
32   ,2005,2.57,2.05,0.51
55   ,2007,2.86,2.32,0.54
28   ,2005,2.35,1.92,0.43
51   ,2013,3.51,3.09,0.42
44   ,2027,3.74,3.19,0.54
31   ,2003,1.49,1,0.49
45   ,2005,2.36,1.95,0.4
31   ,2007,2.86,2.35,0.51
13   ,2009,3.51,3.19,0.32
15   ,2009,3.58,3.18,0.4
50   ,2002,1.4,0.9,0.5
23   ,2000,1.62,1.14,0.47
29   ,2001,1.41,0.99,0.41
06   ,2029,3.63,3.21,0.42
40   ,2013,3.48,3.11,0.37
18   ,2020,3.48,3.08,0.4
26   ,2015,3.48,3.09,0.39
51   ,2002,1.28,0.87,0.4
34   ,2007,2.97,2.59,0.38
20   ,2024,3.48,2.98,0.5
05   ,2028,3.47,3,0.47
36   ,2015,3.68,3.21,0.47
17   ,2022,3.48,3.02,0.46
26   ,2002,1.3,0.91,0.39
46   ,2025,3.48,3.02,0.46
22   ,2006,2.66,2.21,0.44
20   ,2026,3.48,2.98,0.5
36   ,2017,3.68,3.21,0.47
26   ,2017,3.48,3.09,0.39
31   ,2010,3.48,2.97,0.51
50   ,2029,3.74,3.24,0.49
34   ,2010,3.68,3.31,0.38
10   ,2028,3.68,3.22,0.46
46   ,2022,3.48,3.02,0.46
04   ,2005,2.57,2.06,0.5
38   ,2003,1.49,1.03,0.45
48   ,2011,3.47,3.03,0.44
36   ,2006,2.81,2.35,0.47
42   ,2006,2.81,2.19,0.63
01   ,2029,3.47,3.02,0.45
05   ,2016,3.47,3,0.47
47   ,2004,1.77,1.35,0.41
36   ,2012,3.68,3.21,0.47
22   ,2023,3.47,3.03,0.44
24   ,2018,3.68,3.2,0.49
10   ,2014,3.68,3.22,0.46
26   ,2012,3.48,3.09,0.39
02   ,2029,3.58,3.26,0.32
31   ,2001,1.41,0.92,0.49
,2004,1.9,1.46,0.44
42   ,2023,3.68,3.06,0.63
32   ,2008,3.58,3.07,0.51
31   ,2009,3.48,2.97,0.51
34   ,2009,3.68,3.31,0.38
38   ,2020,3.48,3.01,0.47
27   ,2006,2.67,2.22,0.44
54   ,2006,2.67,2.16,0.51
10   ,2016,3.68,3.22,0.46
16   ,2029,3.46,2.96,0.49
30   ,2002,1.34,0.82,0.52
49   ,2002,1.34,0.85,0.49
47   ,2007,2.86,2.45,0.41
,2030,3.68,3.22,0.47
05   ,2014,3.47,3,0.47
17   ,2025,3.48,3.02,0.46
17   ,2024,3.48,3.02,0.46
28   ,2008,3.47,3.05,0.42
20   ,2022,3.48,2.98,0.5
30   ,2015,3.46,2.94,0.52
45   ,2029,3.51,3.1,0.4
29   ,2027,3.48,3.07,0.41
51   ,2010,3.51,3.09,0.42
18   ,2011,3.48,3.08,0.4
27   ,2015,3.48,3.04,0.44
37   ,2008,3.51,2.96,0.54
,2028,3.68,3.22,0.47
30   ,2000,1.53,1.01,0.52
04   ,2009,3.58,3.16,0.42
35   ,2019,3.47,3,0.47
33   ,2027,3.74,3.31,0.42
20   ,2000,1.47,1.01,0.46
27   ,2017,3.48,3.04,0.44
30   ,2017,3.46,2.94,0.52
09   ,2021,3.74,3.12,0.61
31   ,2004,1.77,1.28,0.49
25   ,2007,2.98,2.53,0.45
17   ,2026,3.48,3.02,0.46
,2016,3.68,3.22,0.47
32   ,2006,2.87,2.36,0.51
09   ,2019,3.74,3.12,0.61
27   ,2012,3.48,3.04,0.44
12   ,2023,3.51,3.11,0.4
04   ,2010,3.58,3.16,0.42
10   ,2030,3.68,3.22,0.46
30   ,2012,3.46,2.94,0.52
12   ,2002,1.28,0.77,0.51
48   ,2020,3.47,3.03,0.44
40   ,2003,1.49,1.11,0.37
35   ,2021,3.47,3,0.47
46   ,2024,3.48,3.02,0.46
39   ,2027,3.48,2.96,0.52
46   ,2026,3.48,3.02,0.46
51   ,2009,3.51,3.09,0.42
34   ,2001,1.48,1.1,0.38
20   ,2025,3.48,2.98,0.5
21   ,2005,2.36,1.96,0.4
,2014,3.68,3.22,0.47
05   ,2030,3.47,3,0.47
13   ,2013,3.51,3.19,0.32
15   ,2013,3.58,3.18,0.4
38   ,2011,3.48,3.01,0.47
29   ,2005,2.36,1.94,0.41
49   ,2001,1.45,0.96,0.49
05   ,2012,3.47,3,0.47
23   ,2027,3.74,3.22,0.52
46   ,2008,3.48,3.02,0.46
36   ,2016,3.68,3.21,0.47
49   ,2004,1.86,1.38,0.48
51   ,2004,1.75,1.35,0.4
26   ,2016,3.48,3.09,0.39
53   ,2027,3.58,3,0.58
13   ,2003,1.47,1.16,0.32
01   ,2007,2.82,2.37,0.45
54   ,2027,3.51,2.95,0.56
09   ,2018,3.74,3.12,0.61
40   ,2009,3.48,3.11,0.37
35   ,2007,2.82,2.35,0.47
01   ,2005,2.35,1.92,0.43
49   ,2005,2.44,1.96,0.49
32   ,2022,3.58,3.07,0.51
55   ,2011,3.48,2.94,0.54
30   ,2004,1.86,1.34,0.52
36   ,2014,3.68,3.21,0.47
10   ,2012,3.68,3.22,0.46
25   ,2027,3.74,3.28,0.45
26   ,2014,3.48,3.09,0.39
49   ,2027,3.46,2.97,0.49
27   ,2030,3.48,3.04,0.44
08   ,2029,3.46,3.01,0.45
21   ,2011,3.48,3.06,0.42
19   ,2029,3.48,3.01,0.47
30   ,2030,3.46,2.94,0.52
55   ,2003,1.49,0.96,0.52
10   ,2017,3.68,3.22,0.46
37   ,2024,3.51,2.96,0.54
50   ,2006,2.82,2.32,0.49
26   ,2028,3.48,3.09,0.39
31   ,2013,3.48,2.97,0.51
05   ,2015,3.47,3,0.47
28   ,2024,3.47,3.05,0.42
17   ,2008,3.48,3.02,0.46
36   ,2028,3.68,3.21,0.47
34   ,2013,3.68,3.31,0.38
47   ,2023,3.48,3.07,0.41
35   ,2002,1.28,0.84,0.44
05   ,2017,3.47,3,0.47
05   ,2001,1.35,0.87,0.47
28   ,2026,3.47,3.05,0.42
41   ,2029,3.58,3.1,0.48
40   ,2010,3.48,3.11,0.37
10   ,2015,3.68,3.22,0.46
35   ,2018,3.47,3,0.47
37   ,2026,3.51,2.96,0.54
16   ,2006,2.76,2.26,0.49
41   ,2006,2.87,2.39,0.48
32   ,2025,3.58,3.07,0.51
18   ,2025,3.48,3.08,0.4
53   ,2029,3.58,3,0.58
48   ,2026,3.47,3.03,0.44
42   ,2016,3.68,3.06,0.63
23   ,2029,3.74,3.22,0.52
20   ,2003,1.49,0.98,0.5
22   ,2016,3.47,3.03,0.44
38   ,2007,2.86,2.39,0.47
38   ,2022,3.48,3.01,0.47
47   ,2015,3.48,3.07,0.41
54   ,2029,3.51,2.95,0.56
51   ,2018,3.51,3.09,0.42
05   ,2023,3.47,3,0.47
49   ,2029,3.46,2.97,0.49
08   ,2027,3.46,3.01,0.45
54   ,2003,1.47,0.98,0.49
42   ,2014,3.68,3.06,0.63
47   ,2017,3.48,3.07,0.41
25   ,2029,3.74,3.28,0.45
32   ,2004,2.02,1.51,0.51
19   ,2027,3.48,3.01,0.47
48   ,2024,3.47,3.03,0.44
40   ,2019,3.48,3.11,0.37
12   ,2030,3.51,3.11,0.4
22   ,2014,3.47,3.03,0.44
46   ,2020,3.48,3.02,0.46
10   ,2023,3.68,3.22,0.46
40   ,2021,3.48,3.11,0.37
08   ,2006,2.76,2.31,0.45
22   ,2028,3.47,3.03,0.44
47   ,2012,3.48,3.07,0.41
42   ,2028,3.68,3.06,0.63
04   ,2018,3.58,3.16,0.42
21   ,2002,1.3,0.92,0.38
17   ,2020,3.48,3.02,0.46
41   ,2027,3.58,3.1,0.48
18   ,2022,3.48,3.08,0.4
20   ,2011,3.48,2.98,0.5
20   ,2007,2.86,2.36,0.5
38   ,2025,3.48,3.01,0.47
39   ,2002,1.3,0.84,0.46
29   ,2029,3.48,3.07,0.41
09   ,2010,3.74,3.12,0.61
12   ,2015,3.51,3.11,0.4
04   ,2019,3.58,3.16,0.42
45   ,2027,3.51,3.1,0.4
24   ,2007,2.97,2.48,0.49
35   ,2009,3.47,3,0.47
49   ,2003,1.53,1.05,0.48
38   ,2002,1.3,0.85,0.45
17   ,2006,2.67,2.21,0.46
47   ,2030,3.48,3.07,0.41
55   ,2025,3.48,2.94,0.54
33   ,2029,3.74,3.31,0.42
37   ,2020,3.51,2.96,0.54
12   ,2017,3.51,3.11,0.4
28   ,2020,3.47,3.05,0.42
24   ,2013,3.68,3.2,0.49
21   ,2025,3.48,3.06,0.42
51   ,2021,3.51,3.09,0.42
22   ,2003,1.45,1.01,0.44
55   ,2022,3.48,2.94,0.54
30   ,2023,3.46,2.94,0.52
51   ,2019,3.51,3.09,0.42
12   ,2012,3.51,3.11,0.4
51   ,2001,1.35,0.94,0.4
24   ,2003,1.63,1.15,0.48
31   ,2006,2.67,2.16,0.51
39   ,2029,3.48,2.96,0.52
22   ,2000,1.44,1,0.44
21   ,2022,3.48,3.06,0.42
27   ,2023,3.48,3.04,0.44
40   ,2018,3.48,3.11,0.37
48   ,2008,3.47,3.03,0.44
35   ,2010,3.47,3,0.47
09   ,2009,3.74,3.12,0.61
54   ,2001,1.35,0.85,0.5
32   ,2011,3.58,3.07,0.51
04   ,2021,3.58,3.16,0.42
04   ,2007,3.04,2.62,0.42
42   ,2001,1.48,0.92,0.55
48   ,2010,3.47,3.03,0.44
35   ,2008,3.47,3,0.47
50   ,2014,3.74,3.24,0.49
06   ,2006,2.93,2.51,0.42
53   ,2002,1.4,0.93,0.47
55   ,2013,3.48,2.94,0.54
19   ,2017,3.48,3.01,0.47
01   ,2028,3.47,3.02,0.45
53   ,2005,2.57,2.01,0.55
02   ,2028,3.58,3.26,0.32
06   ,2016,3.63,3.21,0.42
08   ,2017,3.46,3.01,0.45
21   ,2013,3.48,3.06,0.42
24   ,2025,3.68,3.2,0.49
04   ,2020,3.58,3.16,0.42
47   ,2027,3.48,3.07,0.41
09   ,2006,2.82,2.31,0.5
08   ,2015,3.46,3.01,0.45
28   ,2019,3.47,3.05,0.42
17   ,2018,3.48,3.02,0.46
16   ,2028,3.46,2.96,0.49
50   ,2016,3.74,3.24,0.49
19   ,2015,3.48,3.01,0.47
41   ,2012,3.58,3.1,0.48
45   ,2030,3.51,3.1,0.4
02   ,2007,3.04,2.72,0.32
06   ,2014,3.63,3.21,0.42
37   ,2019,3.51,2.96,0.54
18   ,2000,1.47,1.07,0.4
19   ,2001,1.41,0.94,0.47
53   ,2023,3.58,3,0.58
23   ,2023,3.74,3.22,0.52
02   ,2016,3.58,3.26,0.32
37   ,2021,3.51,2.96,0.54
06   ,2028,3.63,3.21,0.42
28   ,2021,3.47,3.05,0.42
16   ,2014,3.46,2.96,0.49
41   ,2017,3.58,3.1,0.48
51   ,2020,3.51,3.09,0.42
54   ,2023,3.51,2.95,0.56
01   ,2016,3.47,3.02,0.45
05   ,2029,3.47,3,0.47
54   ,2002,1.28,0.78,0.5
09   ,2008,3.74,3.12,0.61
02   ,2014,3.58,3.26,0.32
49   ,2023,3.46,2.97,0.49
04   ,2004,2.02,1.52,0.5
19   ,2012,3.48,3.01,0.47
41   ,2015,3.58,3.1,0.48
48   ,2009,3.47,3.03,0.44
42   ,2000,1.61,1.05,0.55
20   ,2002,1.3,0.81,0.49
47   ,2005,2.36,1.94,0.41
25   ,2023,3.74,3.28,0.45
01   ,2000,1.44,1.01,0.43
01   ,2014,3.47,3.02,0.45
34   ,2011,3.68,3.31,0.38
08   ,2012,3.46,3.01,0.45
24   ,2022,3.68,3.2,0.49
50   ,2028,3.74,3.24,0.49
31   ,2011,3.48,2.97,0.51
35   ,2004,1.74,1.27,0.47
46   ,2018,3.48,3.02,0.46
16   ,2016,3.46,2.96,0.49
10   ,2029,3.68,3.22,0.46
17   ,2021,3.48,3.02,0.46
56   ,2016,3.46,3.07,0.38
12   ,2027,3.51,3.11,0.4
19   ,2030,3.48,3.01,0.47
45   ,2015,3.51,3.1,0.4
09   ,2026,3.74,3.12,0.61
30   ,2029,3.46,2.94,0.52
15   ,2004,2.02,1.62,0.4
15   ,2005,2.57,2.16,0.4
50   ,2003,1.64,1.14,0.5
39   ,2023,3.48,2.96,0.52
19   ,2002,1.3,0.83,0.47
27   ,2029,3.48,3.04,0.44
08   ,2030,3.46,3.01,0.45
19   ,2006,2.67,2.2,0.47
40   ,2020,3.48,3.11,0.37
46   ,2019,3.48,3.02,0.46
18   ,2013,3.48,3.08,0.4
56   ,2014,3.46,3.07,0.38
36   ,2003,1.63,1.18,0.45
09   ,2024,3.74,3.12,0.61
01   ,2004,1.74,1.32,0.42
45   ,2017,3.51,3.1,0.4
39   ,2000,1.47,1.01,0.46
29   ,2023,3.48,3.07,0.41
55   ,2001,1.41,0.89,0.52
13   ,2011,3.51,3.19,0.32
35   ,2024,3.47,3,0.47
15   ,2011,3.58,3.18,0.4
38   ,2013,3.48,3.01,0.47
45   ,2012,3.51,3.1,0.4
39   ,2001,1.41,0.94,0.46
46   ,2021,3.48,3.02,0.46
41   ,2030,3.58,3.1,0.48
56   ,2028,3.46,3.07,0.38
15   ,2000,1.61,1.2,0.4
37   ,2018,3.51,2.96,0.54
35   ,2026,3.47,3,0.47
24   ,2005,2.5,2.01,0.49
33   ,2023,3.74,3.31,0.42
28   ,2018,3.47,3.05,0.42
17   ,2019,3.48,3.02,0.46
05   ,2002,1.28,0.81,0.47
46   ,2009,3.48,3.02,0.46
30   ,2027,3.46,2.94,0.52
51   ,2026,3.51,3.09,0.42
29   ,2015,3.48,3.07,0.41
40   ,2004,1.77,1.39,0.37
39   ,2012,3.48,2.96,0.52
12   ,2029,3.51,3.11,0.4
27   ,2027,3.48,3.04,0.44
49   ,2030,3.46,2.97,0.49
04   ,2003,1.61,1.11,0.5
18   ,2006,2.67,2.26,0.4
48   ,2018,3.47,3.03,0.44
40   ,2008,3.48,3.11,0.37
33   ,2017,3.74,3.31,0.42
34   ,2022,3.68,3.31,0.38
24   ,2011,3.68,3.2,0.49
31   ,2022,3.48,2.97,0.51
25   ,2030,3.74,3.28,0.45
33   ,2015,3.74,3.31,0.42
42   ,2002,1.4,0.84,0.56
44   ,2028,3.74,3.19,0.54
38   ,2001,1.41,0.95,0.45
19   ,2000,1.47,1,0.47
54   ,2030,3.51,2.95,0.56
17   ,2010,3.48,3.02,0.46
06   ,2005,2.6,2.18,0.42
53   ,2030,3.58,3,0.58
51   ,2024,3.51,3.09,0.42
29   ,2017,3.48,3.07,0.41
23   ,2030,3.74,3.22,0.52
45   ,2023,3.51,3.1,0.4
04   ,2026,3.58,3.16,0.42
48   ,2004,1.74,1.3,0.44
44   ,2014,3.74,3.19,0.54
38   ,2006,2.67,2.19,0.47
32   ,2013,3.58,3.07,0.51
19   ,2003,1.49,1.02,0.47
16   ,2004,1.86,1.37,0.49
17   ,2009,3.48,3.02,0.46
29   ,2012,3.48,3.07,0.41
39   ,2015,3.48,2.96,0.52
41   ,2007,3.04,2.56,0.48
10   ,2006,2.81,2.35,0.46
,2006,2.81,2.34,0.47
39   ,2017,3.48,2.96,0.52
06   ,2002,1.45,1.02,0.42
46   ,2010,3.48,3.02,0.46
,2007,2.97,2.5,0.47
33   ,2012,3.74,3.31,0.42
44   ,2016,3.74,3.19,0.54
16   ,2002,1.34,0.85,0.49
04   ,2024,3.58,3.16,0.42
34   ,2025,3.68,3.31,0.38
31   ,2025,3.48,2.97,0.51
31   ,2005,2.36,1.86,0.5
49   ,2007,2.98,2.49,0.49
23   ,2015,3.74,3.22,0.52
28   ,2009,3.47,3.05,0.42
53   ,2015,3.58,3,0.58
25   ,2017,3.74,3.28,0.45
47   ,2029,3.48,3.07,0.41
54   ,2015,3.51,2.95,0.56
12   ,2000,1.45,0.95,0.5
37   ,2009,3.51,2.96,0.54
28   ,2006,2.66,2.23,0.42
33   ,2030,3.74,3.31,0.42
34   ,2000,1.61,1.23,0.38
49   ,2017,3.46,2.97,0.49
17   ,2003,1.49,1.03,0.46
54   ,2017,3.51,2.95,0.56
25   ,2015,3.74,3.28,0.45
49   ,2015,3.46,2.97,0.49
41   ,2023,3.58,3.1,0.48
04   ,2008,3.58,3.16,0.42
29   ,2030,3.48,3.07,0.41
48   ,2021,3.47,3.03,0.44
23   ,2017,3.74,3.22,0.52
,2000,1.61,1.16,0.44
35   ,2020,3.47,3,0.47
53   ,2017,3.58,3,0.58
13   ,2022,3.51,3.19,0.32
56   ,2005,2.44,2.06,0.38
15   ,2022,3.58,3.18,0.4
54   ,2012,3.51,2.95,0.56
40   ,2024,3.48,3.11,0.37
48   ,2019,3.47,3.03,0.44
20   ,2013,3.48,2.98,0.5
08   ,2002,1.34,0.89,0.45
23   ,2012,3.74,3.22,0.52
09   ,2020,3.74,3.12,0.61
05   ,2027,3.47,3,0.47
38   ,2005,2.36,1.88,0.47
53   ,2012,3.58,3,0.58
13   ,2025,3.51,3.19,0.32
15   ,2025,3.58,3.18,0.4
28   ,2010,3.47,3.05,0.42
39   ,2030,3.48,2.96,0.52
08   ,2023,3.46,3.01,0.45
51   ,2008,3.51,3.09,0.42
25   ,2012,3.74,3.28,0.45
10   ,2027,3.68,3.22,0.46
21   ,2006,2.67,2.26,0.41
19   ,2023,3.48,3.01,0.47
40   ,2026,3.48,3.11,0.37
23   ,2003,1.64,1.19,0.45
49   ,2012,3.46,2.97,0.49
37   ,2010,3.51,2.96,0.54
34   ,2003,1.63,1.25,0.38
38   ,2021,3.48,3.01,0.47
46   ,2013,3.48,3.02,0.46
18   ,2019,3.48,3.08,0.4
16   ,2001,1.45,0.96,0.49
44   ,2003,1.64,1.1,0.54
39   ,2028,3.48,2.96,0.52
29   ,2016,3.48,3.07,0.41
13   ,2026,3.51,3.19,0.32
15   ,2026,3.58,3.18,0.4
33   ,2014,3.74,3.31,0.42
15   ,2024,3.58,3.18,0.4
13   ,2024,3.51,3.19,0.32
35   ,2011,3.47,3,0.47
33   ,2000,1.62,1.18,0.44
09   ,2001,1.49,1.07,0.42
32   ,2010,3.58,3.07,0.51
29   ,2014,3.48,3.07,0.41
33   ,2016,3.74,3.31,0.42
44   ,2012,3.74,3.19,0.54
40   ,2025,3.48,3.11,0.37
10   ,2000,1.61,1.14,0.46
29   ,2028,3.48,3.07,0.41
09   ,2011,3.74,3.12,0.61
48   ,2005,2.35,1.91,0.44
26   ,2000,1.47,1.08,0.39
50   ,2005,2.51,2.02,0.49
39   ,2016,3.48,2.96,0.52
37   ,2004,1.75,1.26,0.49
44   ,2005,2.51,1.97,0.54
02   ,2006,2.87,2.55,0.32
34   ,2008,3.68,3.31,0.38
17   ,2013,3.48,3.02,0.46
,2027,3.68,3.22,0.47
31   ,2008,3.48,2.97,0.51
48   ,2001,1.35,0.9,0.44
44   ,2017,3.74,3.19,0.54
32   ,2009,3.58,3.07,0.51
56   ,2023,3.46,3.07,0.38
40   ,2022,3.48,3.11,0.37
10   ,2004,1.9,1.44,0.46
21   ,2018,3.48,3.06,0.42
39   ,2014,3.48,2.96,0.52
27   ,2004,1.77,1.32,0.44
33   ,2028,3.74,3.31,0.42
44   ,2015,3.74,3.19,0.54
55   ,2018,3.48,2.94,0.54
38   ,2019,3.48,3.01,0.47
18   ,2002,1.3,0.9,0.4
18   ,2021,3.48,3.08,0.4
54   ,2016,3.51,2.95,0.56
28   ,2013,3.47,3.05,0.42
01   ,2023,3.47,3.02,0.45
31   ,2024,3.48,2.97,0.51
10   ,2005,2.5,2.03,0.46
34   ,2024,3.68,3.31,0.38
04   ,2025,3.58,3.16,0.42
22   ,2029,3.47,3.03,0.44
24   ,2020,3.68,3.2,0.49
20   ,2004,1.77,1.26,0.5
42   ,2029,3.68,3.06,0.63
23   ,2016,3.74,3.22,0.52
33   ,2003,1.64,1.22,0.42
49   ,2014,3.46,2.97,0.49
02   ,2023,3.58,3.26,0.32
40   ,2001,1.41,1.02,0.38
26   ,2027,3.48,3.09,0.39
25   ,2014,3.74,3.28,0.45
53   ,2016,3.58,3,0.58
36   ,2027,3.68,3.21,0.47
37   ,2013,3.51,2.96,0.54
55   ,2019,3.48,2.94,0.54
38   ,2018,3.48,3.01,0.47
16   ,2023,3.46,2.96,0.49
51   ,2022,3.51,3.09,0.42
20   ,2010,3.48,2.98,0.5
54   ,2014,3.51,2.95,0.56
53   ,2003,1.61,1.09,0.52
53   ,2006,2.87,2.29,0.58
21   ,2019,3.48,3.06,0.42
53   ,2014,3.58,3,0.58
25   ,2016,3.74,3.28,0.45
46   ,2003,1.49,1.02,0.46
47   ,2000,1.47,1.06,0.41
23   ,2014,3.74,3.22,0.52
34   ,2026,3.68,3.31,0.38
49   ,2016,3.46,2.97,0.49
31   ,2026,3.48,2.97,0.51
20   ,2009,3.48,2.98,0.5
21   ,2021,3.48,3.06,0.42
51   ,2025,3.51,3.09,0.42
53   ,2028,3.58,3,0.58
10   ,2007,2.97,2.5,0.46
06   ,2023,3.63,3.21,0.42
23   ,2028,3.74,3.22,0.52
55   ,2021,3.48,2.94,0.54
44   ,2030,3.74,3.19,0.54
24   ,2002,1.4,0.91,0.49
54   ,2028,3.51,2.95,0.56
18   ,2018,3.48,3.08,0.4
05   ,2006,2.66,2.19,0.47
49   ,2028,3.46,2.97,0.49
04   ,2022,3.58,3.16,0.42
08   ,2000,1.53,1.08,0.45
40   ,2006,2.67,2.29,0.37
34   ,2005,2.5,2.12,0.38
25   ,2028,3.74,3.28,0.45
26   ,2007,2.86,2.47,0.39
50   ,2023,3.74,3.24,0.49
13   ,2008,3.51,3.19,0.32
15   ,2008,3.58,3.18,0.4
36   ,2002,1.4,0.95,0.45
22   ,2027,3.47,3.03,0.44
06   ,2015,3.63,3.21,0.42
50   ,2017,3.74,3.24,0.49
02   ,2012,3.58,3.26,0.32
55   ,2009,3.48,2.94,0.54
19   ,2014,3.48,3.01,0.47
26   ,2029,3.48,3.09,0.39
36   ,2029,3.68,3.21,0.47
01   ,2012,3.47,3.02,0.45
20   ,2021,3.48,2.98,0.5
42   ,2027,3.68,3.06,0.63
08   ,2014,3.46,3.01,0.45
21   ,2009,3.48,3.06,0.42
47   ,2006,2.67,2.25,0.41
19   ,2016,3.48,3.01,0.47
32   ,2018,3.58,3.07,0.51
33   ,2001,1.49,1.05,0.44
35   ,2025,3.47,3,0.47
09   ,2022,3.74,3.12,0.61
41   ,2028,3.58,3.1,0.48
56   ,2030,3.46,3.07,0.38
06   ,2017,3.63,3.21,0.42
40   ,2011,3.48,3.11,0.37
40   ,2005,2.36,1.98,0.37
45   ,2006,2.67,2.27,0.4
08   ,2016,3.46,3.01,0.45
53   ,2007,3.04,2.46,0.58
16   ,2012,3.46,2.96,0.49
24   ,2008,3.68,3.2,0.49
50   ,2015,3.74,3.24,0.49
15   ,2020,3.58,3.18,0.4
13   ,2020,3.51,3.19,0.32
35   ,2022,3.47,3,0.47
01   ,2015,3.47,3.02,0.45
09   ,2025,3.74,3.12,0.61
27   ,2003,1.49,1.04,0.44
06   ,2012,3.63,3.21,0.42
54   ,2004,1.75,1.26,0.49
02   ,2015,3.58,3.26,0.32
16   ,2017,3.46,2.96,0.49
41   ,2014,3.58,3.1,0.48
48   ,2013,3.47,3.03,0.44
55   ,2010,3.48,2.94,0.54
08   ,2028,3.46,3.01,0.45
50   ,2012,3.74,3.24,0.49
02   ,2017,3.58,3.26,0.32
20   ,2019,3.48,2.98,0.5
16   ,2015,3.46,2.96,0.49
41   ,2016,3.58,3.1,0.48
21   ,2010,3.48,3.06,0.42
13   ,2006,2.67,2.35,0.32
46   ,2006,2.67,2.2,0.46
01   ,2017,3.47,3.02,0.45
19   ,2028,3.48,3.01,0.47
27   ,2000,1.47,1.03,0.44
32   ,2021,3.58,3.07,0.51
50   ,2030,3.74,3.24,0.49
04   ,2011,3.58,3.16,0.42
17   ,2000,1.47,1.01,0.46
56   ,2015,3.46,3.07,0.38
28   ,2000,1.44,1.01,0.43
47   ,2001,1.41,0.99,0.41
08   ,2005,2.44,2,0.45
45   ,2016,3.51,3.1,0.4
44   ,2023,3.74,3.19,0.54
18   ,2009,3.48,3.08,0.4
56   ,2017,3.46,3.07,0.38
46   ,2001,1.41,0.94,0.46
,2003,1.63,1.19,0.44
33   ,2004,1.92,1.5,0.42
36   ,2000,1.61,1.16,0.45
45   ,2014,3.51,3.1,0.4
30   ,2006,2.76,2.23,0.52
38   ,2010,3.48,3.01,0.47
20   ,2018,3.48,2.98,0.5
09   ,2004,1.92,1.42,0.5
23   ,2004,1.92,1.42,0.5
06   ,2030,3.63,3.21,0.42
56   ,2012,3.46,3.07,0.38
45   ,2028,3.51,3.1,0.4
46   ,2000,1.47,1.01,0.46
18   ,2010,3.48,3.08,0.4
51   ,2011,3.51,3.09,0.42
21   ,2007,2.86,2.44,0.42
42   ,2004,1.9,1.35,0.56
24   ,2026,3.68,3.2,0.49
16   ,2030,3.46,2.96,0.49
29   ,2004,1.77,1.35,0.41
45   ,2003,1.47,1.07,0.4
,2029,3.68,3.22,0.47
38   ,2009,3.48,3.01,0.47
31   ,2020,3.48,2.97,0.51
02   ,2030,3.58,3.26,0.32
34   ,2020,3.68,3.31,0.38
24   ,2024,3.68,3.2,0.49
01   ,2030,3.47,3.02,0.45
32   ,2019,3.58,3.07,0.51
29   ,2007,2.86,2.45,0.41
23   ,2009,3.74,3.22,0.52
08   ,2007,2.98,2.53,0.45
30   ,2008,3.46,2.94,0.52
28   ,2015,3.47,3.05,0.42
05   ,2024,3.47,3,0.47
20   ,2028,3.48,2.98,0.5
53   ,2009,3.58,3,0.58
08   ,2019,3.46,3.01,0.45
17   ,2004,1.77,1.31,0.46
,2022,3.68,3.22,0.47
37   ,2015,3.51,2.96,0.54
10   ,2026,3.68,3.22,0.46
54   ,2009,3.51,2.95,0.56
40   ,2027,3.48,3.11,0.37
27   ,2008,3.48,3.04,0.44
19   ,2019,3.48,3.01,0.47
37   ,2017,3.51,2.96,0.54
25   ,2009,3.74,3.28,0.45
48   ,2023,3.47,3.03,0.44
21   ,2000,1.47,1.09,0.38
31   ,2002,1.3,0.81,0.49
49   ,2009,3.46,2.97,0.49
10   ,2024,3.68,3.22,0.46
22   ,2011,3.47,3.03,0.44
,2005,2.5,2.05,0.44
17   ,2005,2.36,1.9,0.46
42   ,2011,3.68,3.06,0.63
05   ,2026,3.47,3,0.47
36   ,2005,2.5,2.04,0.46
05   ,2000,1.44,0.97,0.47
12   ,2020,3.51,3.11,0.4
41   ,2021,3.58,3.1,0.48
28   ,2017,3.47,3.05,0.42
55   ,2002,1.3,0.78,0.52
46   ,2030,3.48,3.02,0.46
37   ,2012,3.51,2.96,0.54
49   ,2010,3.46,2.97,0.49
42   ,2007,2.97,2.34,0.63
41   ,2019,3.58,3.1,0.48
01   ,2002,1.28,0.84,0.43
25   ,2010,3.74,3.28,0.45
48   ,2006,2.66,2.21,0.44
13   ,2004,1.75,1.44,0.32
20   ,2016,3.48,2.98,0.5
28   ,2012,3.47,3.05,0.42
17   ,2030,3.48,3.02,0.46
25   ,2003,1.64,1.19,0.45
53   ,2010,3.58,3,0.58
33   ,2007,2.98,2.56,0.42
19   ,2021,3.48,3.01,0.47
45   ,2004,1.75,1.35,0.4
23   ,2010,3.74,3.22,0.52
,2025,3.68,3.22,0.47
45   ,2018,3.51,3.1,0.4
08   ,2021,3.46,3.01,0.45
54   ,2010,3.51,2.95,0.56
20   ,2014,3.48,2.98,0.5
35   ,2029,3.47,3,0.47
46   ,2015,3.48,3.02,0.46
29   ,2009,3.48,3.07,0.41
17   ,2012,3.48,3.02,0.46
32   ,2028,3.58,3.07,0.51
41   ,2018,3.58,3.1,0.48
50   ,2000,1.62,1.11,0.5
33   ,2009,3.74,3.31,0.42
34   ,2006,2.81,2.43,0.38
45   ,2019,3.51,3.1,0.4
47   ,2020,3.48,3.07,0.41
04   ,2027,3.58,3.16,0.42
05   ,2004,1.74,1.27,0.47
37   ,2030,3.51,2.96,0.54
46   ,2017,3.48,3.02,0.46
28   ,2030,3.47,3.05,0.42
39   ,2010,3.48,2.96,0.52
36   ,2025,3.68,3.21,0.47
26   ,2025,3.48,3.09,0.39
33   ,2010,3.74,3.31,0.42
27   ,2024,3.48,3.04,0.44
32   ,2016,3.58,3.07,0.51
32   ,2002,1.4,0.88,0.52
02   ,2003,1.61,1.29,0.32
19   ,2018,3.48,3.01,0.47
46   ,2012,3.48,3.02,0.46
02   ,2000,1.61,1.28,0.32
45   ,2021,3.51,3.1,0.4
17   ,2015,3.48,3.02,0.46
36   ,2022,3.68,3.21,0.47
37   ,2000,1.45,0.97,0.49
05   ,2008,3.47,3,0.47
39   ,2009,3.48,2.96,0.52
26   ,2022,3.48,3.09,0.39
30   ,2024,3.46,2.94,0.52
08   ,2018,3.46,3.01,0.45
51   ,2027,3.51,3.09,0.42
29   ,2010,3.48,3.07,0.41
30   ,2026,3.46,2.94,0.52
09   ,2029,3.74,3.12,0.61
26   ,2006,2.67,2.27,0.39
32   ,2014,3.58,3.07,0.51
44   ,2013,3.74,3.19,0.54
09   ,2002,1.4,0.9,0.5
17   ,2017,3.48,3.02,0.46
27   ,2026,3.48,3.04,0.44
10   ,2008,3.68,3.22,0.46
39   ,2021,3.48,2.96,0.52
10   ,2001,1.48,1.01,0.46
54   ,2005,2.36,1.84,0.51
33   ,2019,3.74,3.31,0.42
35   ,2027,3.47,3,0.47
45   ,2009,3.51,3.1,0.4
47   ,2008,3.48,3.07,0.41
17   ,2023,3.48,3.02,0.46
38   ,2028,3.48,3.01,0.47
56   ,2013,3.46,3.07,0.38
18   ,2014,3.48,3.08,0.4
22   ,2025,3.47,3.03,0.44
25   ,2000,1.62,1.16,0.45
29   ,2019,3.48,3.07,0.41
34   ,2002,1.4,1.02,0.38
56   ,2004,1.86,1.48,0.38
04   ,2029,3.58,3.16,0.42
55   ,2006,2.67,2.13,0.54
45   ,2001,1.35,0.94,0.4
10   ,2003,1.63,1.17,0.46
33   ,2006,2.82,2.39,0.42
18   ,2016,3.48,3.08,0.4
04   ,2001,1.5,0.99,0.5
44   ,2007,2.98,2.44,0.54
42   ,2025,3.68,3.06,0.63
22   ,2022,3.47,3.03,0.44
38   ,2016,3.48,3.01,0.47
10   ,2020,3.68,3.22,0.46
46   ,2023,3.48,3.02,0.46
48   ,2030,3.47,3.03,0.44
29   ,2021,3.48,3.07,0.41
49   ,2018,3.46,2.97,0.49
25   ,2018,3.74,3.28,0.45
12   ,2024,3.51,3.11,0.4
42   ,2022,3.68,3.06,0.63
38   ,2014,3.48,3.01,0.47
12   ,2026,3.51,3.11,0.4
45   ,2010,3.51,3.1,0.4
18   ,2028,3.48,3.08,0.4
51   ,2029,3.51,3.09,0.42
54   ,2018,3.51,2.95,0.56
05   ,2020,3.47,3,0.47
09   ,2027,3.74,3.12,0.61
39   ,2019,3.48,2.96,0.52
53   ,2018,3.58,3,0.58
18   ,2004,1.77,1.36,0.4
20   ,2005,2.36,1.85,0.5
23   ,2018,3.74,3.22,0.52
33   ,2021,3.74,3.31,0.42
,2011,3.68,3.22,0.47
21   ,2003,1.49,1.11,0.38
06   ,2000,1.68,1.25,0.42
29   ,2003,1.49,1.07,0.41
02   ,2004,2.02,1.7,0.32
55   ,2005,2.36,1.82,0.54
49   ,2019,3.46,2.97,0.49
25   ,2019,3.74,3.28,0.45
12   ,2008,3.51,3.11,0.4
21   ,2016,3.48,3.06,0.42
22   ,2002,1.28,0.83,0.44
41   ,2010,3.58,3.1,0.48
06   ,2013,3.63,3.21,0.42
40   ,2029,3.48,3.11,0.37
55   ,2016,3.48,2.94,0.54
53   ,2019,3.58,3,0.58
39   ,2018,3.48,2.96,0.52
21   ,2014,3.48,3.06,0.42
08   ,2009,3.46,3.01,0.45
18   ,2001,1.41,1,0.4
23   ,2019,3.74,3.22,0.52
27   ,2020,3.48,3.04,0.44
36   ,2011,3.68,3.21,0.47
19   ,2009,3.48,3.01,0.47
55   ,2014,3.48,2.94,0.54
26   ,2011,3.48,3.09,0.39
50   ,2013,3.74,3.24,0.49
54   ,2019,3.51,2.95,0.56
30   ,2020,3.46,2.94,0.52
48   ,2012,3.47,3.03,0.44
47   ,2024,3.48,3.07,0.41
01   ,2013,3.47,3.02,0.45
28   ,2023,3.47,3.05,0.42
55   ,2028,3.48,2.94,0.54
08   ,2010,3.46,3.01,0.45
54   ,2021,3.51,2.95,0.56
02   ,2013,3.58,3.26,0.32
34   ,2004,1.9,1.52,0.38
53   ,2021,3.58,3,0.58
21   ,2028,3.48,3.06,0.42
37   ,2023,3.51,2.96,0.54
19   ,2010,3.48,3.01,0.47
33   ,2018,3.74,3.31,0.42
23   ,2021,3.74,3.22,0.52
48   ,2017,3.47,3.03,0.44
41   ,2009,3.58,3.1,0.48
16   ,2013,3.46,2.96,0.49
48   ,2015,3.47,3.03,0.44
48   ,2007,2.82,2.38,0.44
49   ,2021,3.46,2.97,0.49
16   ,2005,2.44,1.95,0.49
29   ,2018,3.48,3.07,0.41
13   ,2005,2.36,2.04,0.32
25   ,2021,3.74,3.28,0.45
47   ,2026,3.48,3.07,0.41
45   ,2013,3.51,3.1,0.4
38   ,2012,3.48,3.01,0.47
22   ,2008,3.47,3.03,0.44
32   ,2023,3.58,3.07,0.51
42   ,2008,3.68,3.06,0.63
56   ,2009,3.46,3.07,0.38
18   ,2017,3.48,3.08,0.4
18   ,2015,3.48,3.08,0.4
28   ,2007,2.82,2.4,0.42
55   ,2004,1.77,1.23,0.53
26   ,2020,3.48,3.09,0.39
51   ,2000,1.45,1.05,0.4
36   ,2020,3.68,3.21,0.47
21   ,2030,3.48,3.06,0.42
48   ,2003,1.45,1.01,0.44
30   ,2011,3.46,2.94,0.52
48   ,2000,1.44,1,0.44
24   ,2027,3.68,3.2,0.49
44   ,2021,3.74,3.19,0.54
55   ,2030,3.48,2.94,0.54
47   ,2025,3.48,3.07,0.41
35   ,2006,2.66,2.19,0.47
27   ,2011,3.48,3.04,0.44
44   ,2019,3.74,3.19,0.54
50   ,2001,1.49,0.99,0.5
56   ,2001,1.45,1.07,0.38
47   ,2022,3.48,3.07,0.41
38   ,2015,3.48,3.01,0.47
12   ,2004,1.75,1.37,0.39
15   ,2002,1.4,1,0.4
38   ,2017,3.48,3.01,0.47
15   ,2029,3.58,3.18,0.4
13   ,2029,3.51,3.19,0.32
18   ,2012,3.48,3.08,0.4
56   ,2010,3.46,3.07,0.38
06   ,2009,3.63,3.21,0.42
16   ,2010,3.46,2.96,0.49
37   ,2002,1.28,0.81,0.47
55   ,2015,3.48,2.94,0.54
20   ,2023,3.48,2.98,0.5
44   ,2018,3.74,3.19,0.54
18   ,2030,3.48,3.08,0.4
21   ,2015,3.48,3.06,0.42
12   ,2025,3.51,3.11,0.4
48   ,2028,3.47,3.03,0.44
01   ,2010,3.47,3.02,0.45
21   ,2017,3.48,3.06,0.42
08   ,2013,3.46,3.01,0.45
02   ,2010,3.58,3.26,0.32
19   ,2013,3.48,3.01,0.47
55   ,2017,3.48,2.94,0.54
50   ,2009,3.74,3.24,0.49
38   ,2000,1.47,1.02,0.45
06   ,2001,1.55,1.12,0.42
42   ,2024,3.68,3.06,0.63
12   ,2022,3.51,3.11,0.4
30   ,2007,2.98,2.46,0.52
21   ,2012,3.48,3.06,0.42
01   ,2009,3.47,3.02,0.45
31   ,2029,3.48,2.97,0.51
25   ,2004,1.92,1.47,0.45
50   ,2010,3.74,3.24,0.49
34   ,2029,3.68,3.31,0.38
53   ,2000,1.61,1.13,0.47
48   ,2014,3.47,3.03,0.44
22   ,2024,3.47,3.03,0.44
55   ,2012,3.48,2.94,0.54
02   ,2009,3.58,3.26,0.32
10   ,2011,3.68,3.22,0.46
26   ,2003,1.49,1.09,0.39
25   ,2006,2.82,2.36,0.45
38   ,2030,3.48,3.01,0.47
22   ,2026,3.47,3.03,0.44
56   ,2006,2.76,2.37,0.38
41   ,2013,3.58,3.1,0.48
24   ,2006,2.81,2.33,0.49
16   ,2009,3.46,2.96,0.49
06   ,2010,3.63,3.21,0.42
,2020,3.68,3.22,0.47
42   ,2026,3.68,3.06,0.63
05   ,2011,3.47,3,0.47
54   ,2007,2.83,2.27,0.56
48   ,2016,3.47,3.03,0.44
37   ,2016,3.51,2.96,0.54
02   ,2021,3.58,3.26,0.32
53   ,2013,3.58,3,0.58
23   ,2013,3.74,3.22,0.52
50   ,2019,3.74,3.24,0.49
26   ,2004,1.77,1.37,0.39
20   ,2012,3.48,2.98,0.5
01   ,2021,3.47,3.02,0.45
54   ,2013,3.51,2.95,0.56
28   ,2016,3.47,3.05,0.42
49   ,2013,3.46,2.97,0.49
30   ,2025,3.46,2.94,0.52
37   ,2014,3.51,2.96,0.54
06   ,2019,3.63,3.21,0.42
25   ,2013,3.74,3.28,0.45
30   ,2003,1.53,1.01,0.52
16   ,2021,3.46,2.96,0.49
47   ,2011,3.48,3.07,0.41
28   ,2014,3.47,3.05,0.42
27   ,2025,3.48,3.04,0.44
13   ,2007,2.83,2.51,0.32
18   ,2003,1.49,1.08,0.4
16   ,2019,3.46,2.96,0.49
30   ,2022,3.46,2.94,0.52
26   ,2024,3.48,3.09,0.39
20   ,2015,3.48,2.98,0.5
55   ,2023,3.48,2.94,0.54
28   ,2028,3.47,3.05,0.42
36   ,2024,3.68,3.21,0.47
13   ,2000,1.45,1.13,0.32
18   ,2007,2.86,2.46,0.4
21   ,2023,3.48,3.06,0.42
27   ,2022,3.48,3.04,0.44
31   ,2027,3.48,2.97,0.51
,2008,3.68,3.22,0.47
06   ,2021,3.63,3.21,0.42
34   ,2027,3.68,3.31,0.38
37   ,2028,3.51,2.96,0.54
32   ,2030,3.58,3.07,0.51
01   ,2019,3.47,3.02,0.45
50   ,2021,3.74,3.24,0.49
56   ,2018,3.46,3.07,0.38
20   ,2017,3.48,2.98,0.5
02   ,2019,3.58,3.26,0.32
44   ,2000,1.62,1.08,0.53
36   ,2026,3.68,3.21,0.47
45   ,2002,1.28,0.87,0.4
26   ,2026,3.48,3.09,0.39
29   ,2013,3.48,3.07,0.41
44   ,2010,3.74,3.19,0.54
,2024,3.68,3.22,0.47
32   ,2012,3.58,3.07,0.51
36   ,2008,3.68,3.21,0.47
16   ,2018,3.46,2.96,0.49
38   ,2023,3.48,3.01,0.47
17   ,2028,3.48,3.02,0.46
46   ,2016,3.48,3.02,0.46
05   ,2022,3.47,3,0.47
51   ,2005,2.36,1.95,0.4
26   ,2008,3.48,3.09,0.39
18   ,2005,2.36,1.95,0.4
42   ,2020,3.68,3.06,0.63
23   ,2006,2.82,2.3,0.51
02   ,2018,3.58,3.26,0.32
33   ,2013,3.74,3.31,0.42
12   ,2011,3.51,3.11,0.4
27   ,2007,2.86,2.42,0.44
,2026,3.68,3.22,0.47
01   ,2018,3.47,3.02,0.45
10   ,2022,3.68,3.22,0.46
56   ,2019,3.46,3.07,0.38
22   ,2020,3.47,3.03,0.44
46   ,2014,3.48,3.02,0.46
24   ,2029,3.68,3.2,0.49
50   ,2018,3.74,3.24,0.49
56   ,2021,3.46,3.07,0.38
17   ,2016,3.48,3.02,0.46
53   ,2001,1.5,1.02,0.47
46   ,2028,3.48,3.02,0.46
01   ,2001,1.35,0.91,0.43
12   ,2005,2.36,1.97,0.39
39   ,2013,3.48,2.96,0.52
10   ,2025,3.68,3.22,0.46
32   ,2015,3.58,3.07,0.51
56   ,2003,1.53,1.15,0.38
17   ,2014,3.48,3.02,0.46
18   ,2023,3.48,3.08,0.4
32   ,2017,3.58,3.07,0.51
44   ,2009,3.74,3.19,0.54
29   ,2002,1.3,0.89,0.41
05   ,2025,3.47,3,0.47
15   ,2027,3.58,3.18,0.4
06   ,2018,3.63,3.21,0.42
28   ,2004,1.74,1.32,0.43
13   ,2027,3.51,3.19,0.32
20   ,2030,3.48,2.98,0.5
33   ,2025,3.74,3.31,0.42
55   ,2029,3.48,2.94,0.54
34   ,2012,3.68,3.31,0.38
,2001,1.48,1.03,0.44
31   ,2012,3.48,2.97,0.51
40   ,2016,3.48,3.11,0.37
30   ,2005,2.44,1.92,0.52
08   ,2011,3.46,3.01,0.45
28   ,2002,1.28,0.85,0.43
21   ,2029,3.48,3.06,0.42
06   ,2007,3.09,2.67,0.42
26   ,2009,3.48,3.09,0.39
39   ,2022,3.48,2.96,0.52
12   ,2006,2.67,2.28,0.39
36   ,2009,3.68,3.21,0.47
19   ,2011,3.48,3.01,0.47
41   ,2004,2.02,1.54,0.48
40   ,2014,3.48,3.11,0.37
56   ,2020,3.46,3.07,0.38
29   ,2025,3.48,3.07,0.41
22   ,2019,3.47,3.03,0.44
42   ,2019,3.68,3.06,0.63
01   ,2003,1.45,1.02,0.43
04   ,2000,1.61,1.1,0.5
15   ,2030,3.58,3.18,0.4
42   ,2021,3.68,3.06,0.63
13   ,2030,3.51,3.19,0.32
20   ,2027,3.48,2.98,0.5
41   ,2011,3.58,3.1,0.48
08   ,2001,1.45,1,0.45
29   ,2022,3.48,3.07,0.41
40   ,2028,3.48,3.11,0.37
32   ,2007,3.04,2.53,0.51
05   ,2013,3.47,3,0.47
31   ,2015,3.48,2.97,0.51
22   ,2021,3.47,3.03,0.44
34   ,2015,3.68,3.31,0.38
44   ,2008,3.74,3.19,0.54
51   ,2007,2.83,2.41,0.42
33   ,2022,3.74,3.31,0.42
34   ,2017,3.68,3.31,0.38
31   ,2017,3.48,2.97,0.51
26   ,2010,3.48,3.09,0.39
36   ,2010,3.68,3.21,0.47
38   ,2004,1.77,1.31,0.45
10   ,2013,3.68,3.22,0.46
39   ,2025,3.48,2.96,0.52
25   ,2025,3.74,3.28,0.45
50   ,2020,3.74,3.24,0.49
44   ,2026,3.74,3.19,0.54
49   ,2025,3.46,2.97,0.49
30   ,2013,3.46,2.94,0.52
45   ,2007,2.83,2.43,0.4
32   ,2000,1.61,1.08,0.52
27   ,2013,3.48,3.04,0.44
04   ,2014,3.58,3.16,0.42
23   ,2025,3.74,3.22,0.52
45   ,2011,3.51,3.1,0.4
22   ,2004,1.74,1.3,0.44
18   ,2029,3.48,3.08,0.4
53   ,2025,3.58,3,0.58
51   ,2028,3.51,3.09,0.42
15   ,2012,3.58,3.18,0.4
13   ,2012,3.51,3.19,0.32
54   ,2025,3.51,2.95,0.56
44   ,2024,3.74,3.19,0.54
04   ,2016,3.58,3.16,0.42
41   ,2001,1.5,1.01,0.48
,2010,3.68,3.22,0.47
06   ,2020,3.63,3.21,0.42
23   ,2022,3.74,3.22,0.52
35   ,2005,2.35,1.88,0.47
25   ,2005,2.51,2.06,0.45
15   ,2003,1.61,1.21,0.4
53   ,2022,3.58,3,0.58
46   ,2005,2.36,1.89,0.46
15   ,2017,3.58,3.18,0.4
13   ,2017,3.51,3.19,0.32
04   ,2002,1.4,0.9,0.5
54   ,2022,3.51,2.95,0.56
38   ,2029,3.48,3.01,0.47
,2009,3.68,3.22,0.47
16   ,2020,3.46,2.96,0.49
32   ,2027,3.58,3.07,0.51
51   ,2014,3.51,3.09,0.42
02   ,2020,3.58,3.26,0.32
25   ,2022,3.74,3.28,0.45
31   ,2030,3.48,2.97,0.51
42   ,2018,3.68,3.06,0.63
34   ,2030,3.68,3.31,0.38
04   ,2028,3.58,3.16,0.42
06   ,2004,2.09,1.67,0.42
41   ,2005,2.57,2.08,0.48
49   ,2022,3.46,2.97,0.49
01   ,2020,3.47,3.02,0.45
51   ,2016,3.51,3.09,0.42
15   ,2015,3.58,3.18,0.4
13   ,2015,3.51,3.19,0.32
22   ,2018,3.47,3.03,0.44
24   ,2023,3.68,3.2,0.49
09   ,2003,1.64,1.14,0.5
24   ,2017,3.68,3.2,0.49
08   ,2025,3.46,3.01,0.45
06   ,2008,3.63,3.21,0.42
33   ,2011,3.74,3.31,0.42
12   ,2013,3.51,3.11,0.4
,2021,3.68,3.22,0.47
15   ,2006,2.87,2.47,0.4
19   ,2025,3.48,3.01,0.47
35   ,2016,3.47,3,0.47
18   ,2027,3.48,3.08,0.4
41   ,2022,3.58,3.1,0.48
09   ,2028,3.74,3.12,0.61
53   ,2004,2.02,1.5,0.52
29   ,2011,3.48,3.07,0.41
36   ,2007,2.97,2.49,0.47
19   ,2004,1.77,1.3,0.47
35   ,2014,3.47,3,0.47
50   ,2008,3.74,3.24,0.49
24   ,2015,3.68,3.2,0.49
15   ,2023,3.58,3.18,0.4
13   ,2023,3.51,3.19,0.32
09   ,2000,1.62,1.19,0.42
51   ,2003,1.47,1.07,0.4
41   ,2025,3.58,3.1,0.48
01   ,2008,3.47,3.02,0.45
35   ,2028,3.47,3,0.47
56   ,2024,3.46,3.07,0.38
32   ,2029,3.58,3.07,0.51
40   ,2007,2.86,2.49,0.37
21   ,2001,1.41,1.03,0.38
10   ,2002,1.4,0.94,0.46
02   ,2008,3.58,3.26,0.32
09   ,2014,3.74,3.12,0.61
38   ,2027,3.48,3.01,0.47
16   ,2008,3.46,2.96,0.49
36   ,2018,3.68,3.21,0.47
26   ,2018,3.48,3.09,0.39
24   ,2012,3.68,3.2,0.49
08   ,2022,3.46,3.01,0.45
40   ,2002,1.3,0.93,0.37
39   ,2011,3.48,2.96,0.52
56   ,2026,3.46,3.07,0.38
19   ,2022,3.48,3.01,0.47
19   ,2007,2.86,2.39,0.47
,2019,3.68,3.22,0.47
09   ,2016,3.74,3.12,0.61
44   ,2004,1.92,1.38,0.54
02   ,2024,3.58,3.26,0.32
22   ,2009,3.47,3.03,0.44
37   ,2005,2.36,1.84,0.52
49   ,2011,3.46,2.97,0.49
25   ,2011,3.74,3.28,0.45
21   ,2004,1.77,1.38,0.39
16   ,2026,3.46,2.96,0.49
24   ,2030,3.68,3.2,0.49
39   ,2007,2.86,2.34,0.52
55   ,2027,3.48,2.94,0.54
26   ,2001,1.41,1.01,0.39
47   ,2013,3.48,3.07,0.41
34   ,2023,3.68,3.31,0.38
39   ,2005,2.36,1.83,0.52
31   ,2023,3.48,2.97,0.51
01   ,2024,3.47,3.02,0.45
56   ,2008,3.46,3.07,0.38
42   ,2009,3.68,3.06,0.63
04   ,2006,2.87,2.45,0.42
21   ,2027,3.48,3.06,0.42
53   ,2011,3.58,3,0.58
49   ,2000,1.53,1.04,0.49
23   ,2011,3.74,3.22,0.52
,2018,3.68,3.22,0.47
45   ,2025,3.51,3.1,0.4
01   ,2026,3.47,3.02,0.45
36   ,2019,3.68,3.21,0.47
26   ,2019,3.48,3.09,0.39
16   ,2024,3.46,2.96,0.49
54   ,2011,3.51,2.95,0.56
44   ,2001,1.49,0.96,0.53
02   ,2026,3.58,3.26,0.32
26   ,2021,3.48,3.09,0.39
36   ,2021,3.68,3.21,0.47
45   ,2022,3.51,3.1,0.4
20   ,2029,3.48,2.98,0.5
51   ,2006,2.67,2.27,0.4
44   ,2020,3.74,3.19,0.54
50   ,2026,3.74,3.24,0.49
06   ,2024,3.63,3.21,0.42
41   ,2003,1.61,1.13,0.48
06   ,2026,3.63,3.21,0.42
12   ,2003,1.47,1.13,0.35
47   ,2002,1.3,0.89,0.41
50   ,2024,3.74,3.24,0.49
22   ,2010,3.47,3.03,0.44
42   ,2010,3.68,3.06,0.63
39   ,2006,2.67,2.14,0.52
02   ,2005,2.57,2.24,0.32
12   ,2009,3.51,3.11,0.4
01   ,2022,3.47,3.02,0.45
35   ,2015,3.47,3,0.47
10   ,2018,3.68,3.22,0.46
24   ,2014,3.68,3.2,0.49
46   ,2029,3.48,3.02,0.46
49   ,2020,3.46,2.97,0.49
15   ,2001,1.5,1.09,0.4
36   ,2001,1.48,1.03,0.45
50   ,2025,3.74,3.24,0.49
02   ,2022,3.58,3.26,0.32
25   ,2020,3.74,3.28,0.45
06   ,2025,3.63,3.21,0.42
24   ,2016,3.68,3.2,0.49
16   ,2022,3.46,2.96,0.49
30   ,2019,3.46,2.94,0.52
50   ,2004,1.92,1.42,0.5
05   ,2018,3.47,3,0.47
54   ,2020,3.51,2.95,0.56
51   ,2023,3.51,3.09,0.42
08   ,2008,3.46,3.01,0.45
23   ,2007,2.98,2.46,0.52
53   ,2020,3.58,3,0.58
35   ,2017,3.47,3,0.47
23   ,2001,1.49,1.02,0.47
09   ,2012,3.74,3.12,0.61
23   ,2020,3.74,3.22,0.52
19   ,2008,3.48,3.01,0.47
27   ,2019,3.48,3.04,0.44
06   ,2022,3.63,3.21,0.42
44   ,2011,3.74,3.19,0.54
05   ,2007,2.82,2.35,0.47
16   ,2025,3.46,2.96,0.49
27   ,2021,3.48,3.04,0.44
17   ,2029,3.48,3.02,0.46
45   ,2024,3.51,3.1,0.4
35   ,2012,3.47,3,0.47
44   ,2002,1.4,0.87,0.53
09   ,2017,3.74,3.12,0.61
30   ,2021,3.46,2.94,0.52
31   ,2000,1.47,0.99,0.48
41   ,2008,3.58,3.1,0.48
09   ,2015,3.74,3.12,0.61
01   ,2025,3.47,3.02,0.45
45   ,2026,3.51,3.1,0.4
32   ,2001,1.5,0.97,0.52
12   ,2010,3.51,3.11,0.4
04   ,2023,3.58,3.16,0.42
50   ,2022,3.74,3.24,0.49
24   ,2028,3.68,3.2,0.49
02   ,2025,3.58,3.26,0.32
41   ,2026,3.58,3.1,0.48
45   ,2008,3.51,3.1,0.4
28   ,2029,3.47,3.05,0.42
05   ,2021,3.47,3,0.47
22   ,2013,3.47,3.03,0.44
12   ,2007,2.83,2.43,0.4
42   ,2013,3.68,3.06,0.63
08   ,2004,1.86,1.41,0.45
47   ,2009,3.48,3.07,0.41
33   ,2020,3.74,3.31,0.42
37   ,2029,3.51,2.96,0.54
02   ,2001,1.5,1.17,0.32
49   ,2006,2.76,2.27,0.49
10   ,2021,3.68,3.22,0.46
29   ,2020,3.48,3.07,0.41
56   ,2025,3.46,3.07,0.38
35   ,2030,3.47,3,0.47
42   ,2005,2.5,1.89,0.61
41   ,2024,3.58,3.1,0.48
46   ,2004,1.77,1.3,0.46
08   ,2026,3.46,3.01,0.45
56   ,2022,3.46,3.07,0.38
30   ,2001,1.45,0.93,0.52
09   ,2030,3.74,3.12,0.61
40   ,2023,3.48,3.11,0.37
19   ,2026,3.48,3.01,0.47
56   ,2007,2.98,2.6,0.38
10   ,2019,3.68,3.22,0.46
37   ,2003,1.47,0.99,0.49
39   ,2020,3.48,2.96,0.52
19   ,2024,3.48,3.01,0.47
48   ,2027,3.47,3.03,0.44
27   ,2018,3.48,3.04,0.44
47   ,2010,3.48,3.07,0.41
37   ,2006,2.67,2.12,0.55
08   ,2024,3.46,3.01,0.45
30   ,2018,3.46,2.94,0.52
05   ,2019,3.47,3,0.47
54   ,2000,1.45,0.95,0.5
29   ,2008,3.48,3.07,0.41
28   ,2027,3.47,3.05,0.42
50   ,2011,3.74,3.24,0.49
26   ,2013,3.48,3.09,0.39
31   ,2028,3.48,2.97,0.51
36   ,2013,3.68,3.21,0.47
37   ,2027,3.51,2.96,0.54
34   ,2028,3.68,3.31,0.38
10   ,2010,3.68,3.22,0.46
40   ,2015,3.48,3.11,0.37
04   ,2030,3.58,3.16,0.42
41   ,2002,1.4,0.92,0.48
19   ,2005,2.36,1.89,0.47
23   ,2002,1.4,0.93,0.47
06   ,2011,3.63,3.21,0.42
12   ,2001,1.35,0.84,0.5
44   ,2022,3.74,3.19,0.54
33   ,2008,3.74,3.31,0.42
40   ,2017,3.48,3.11,0.37
47   ,2019,3.48,3.07,0.41
45   ,2020,3.51,3.1,0.4
05   ,2010,3.47,3,0.47
47   ,2021,3.48,3.07,0.41
25   ,2026,3.74,3.28,0.45
16   ,2011,3.46,2.96,0.49
34   ,2016,3.68,3.31,0.38
44   ,2025,3.74,3.19,0.54
36   ,2004,1.9,1.45,0.45
54   ,2024,3.51,2.95,0.56
31   ,2016,3.48,2.97,0.51
49   ,2026,3.46,2.97,0.49
40   ,2012,3.48,3.11,0.37
39   ,2008,3.48,2.96,0.52
05   ,2009,3.47,3,0.47
53   ,2024,3.58,3,0.58
51   ,2030,3.51,3.09,0.42
23   ,2024,3.74,3.22,0.52
34   ,2014,3.68,3.31,0.38
23   ,2026,3.74,3.22,0.52
48   ,2029,3.47,3.03,0.44
01   ,2011,3.47,3.02,0.45
31   ,2014,3.48,2.97,0.51
53   ,2026,3.58,3,0.58
,2002,1.4,0.96,0.44
49   ,2024,3.46,2.97,0.49
10   ,2009,3.68,3.22,0.46
54   ,2026,3.51,2.95,0.56
02   ,2011,3.58,3.26,0.32
55   ,2000,1.47,0.96,0.51
12   ,2018,3.51,3.11,0.4
25   ,2024,3.74,3.28,0.45
53   ,2008,3.58,3,0.58
30   ,2009,3.46,2.94,0.52
39   ,2024,3.48,2.96,0.52
46   ,2027,3.48,3.02,0.46
23   ,2008,3.74,3.22,0.52
19   ,2020,3.48,3.01,0.47
01   ,2006,2.66,2.22,0.43
27   ,2009,3.48,3.04,0.44
47   ,2003,1.49,1.07,0.41
04   ,2017,3.58,3.16,0.42
08   ,2020,3.46,3.01,0.45
54   ,2008,3.51,2.95,0.56
40   ,2030,3.48,3.11,0.37
04   ,2015,3.58,3.16,0.42
49   ,2008,3.46,2.97,0.49
09   ,2023,3.74,3.12,0.61
25   ,2008,3.74,3.28,0.45
12   ,2019,3.51,3.11,0.4
22   ,2005,2.35,1.91,0.44
15   ,2028,3.58,3.18,0.4
13   ,2028,3.51,3.19,0.32
13   ,2002,1.28,0.96,0.32
51   ,2012,3.51,3.09,0.42
56   ,2011,3.46,3.07,0.38
39   ,2026,3.48,2.96,0.52
22   ,2001,1.35,0.9,0.44
35   ,2023,3.47,3,0.47
05   ,2003,1.45,0.98,0.47
28   ,2003,1.45,1.02,0.43
33   ,2026,3.74,3.31,0.42
15   ,2014,3.58,3.18,0.4
50   ,2007,2.98,2.49,0.49
13   ,2014,3.51,3.19,0.32
29   ,2024,3.48,3.07,0.41
51   ,2017,3.51,3.09,0.42
20   ,2006,2.67,2.16,0.5
24   ,2001,1.48,0.99,0.49
17   ,2027,3.48,3.02,0.46
,2013,3.68,3.22,0.47
41   ,2020,3.58,3.1,0.48
12   ,2021,3.51,3.11,0.4
51   ,2015,3.51,3.09,0.42
08   ,2003,1.53,1.08,0.45
47   ,2018,3.48,3.07,0.41
15   ,2016,3.58,3.18,0.4
13   ,2016,3.51,3.19,0.32
29   ,2026,3.48,3.07,0.41
35   ,2003,1.45,1.01,0.44
30   ,2010,3.46,2.94,0.52
35   ,2000,1.44,1,0.44
42   ,2003,1.63,1.08,0.55
37   ,2007,2.83,2.29,0.54
04   ,2012,3.58,3.16,0.42
27   ,2010,3.48,3.04,0.44
33   ,2024,3.74,3.31,0.42
20   ,2001,1.41,0.93,0.47
